author,comment,published_at
@MrBeast,What survival challenge should I try next?,2024-08-17T15:59:30Z
@ZlataDuk,ĞœĞ¸ÑÑ‚ĞµÑ€ Ğ‘Ğ¸ÑÑ‚ Ğ»ĞµĞ³ĞµĞ½Ğ´Ğ°â¤ 0:34,2024-09-26T13:28:21Z
@jagirtolamalda.9094,Wooâ¤â¤â¤â¤,2024-09-26T13:00:41Z
@CarloBoyer,"Nice
â¤",2024-09-26T12:44:27Z
@maulivlogs2112,Sir I am an Indian I want help sir,2024-09-26T11:41:49Z
@SQUAD357,Nice video sir â¤â¤,2024-09-26T11:35:55Z
@nandashedge6119,3:23 very good,2024-09-26T11:01:57Z
@kenanersoy-e2c,1:21,2024-09-26T10:26:08Z
@elcuriosoatv,"Es Una verdadera aventura, con mucha adrenalina  ğŸ‰",2024-09-26T10:16:04Z
@SanjidaAkter-h7n,I am from Bangladesh my name is kamal,2024-09-26T10:12:16Z
@paolaandreaarteaga3233,Hola visitame â¤,2024-09-26T09:58:38Z
@ĞĞ¹ÑˆĞ°Ğ”ÑƒĞ¹ÑĞµĞ±ĞµĞº-Ñ5Ğ»,"Ms Beast, this is challenge coolğŸ˜¯ğŸ˜¯ğŸ˜ºğŸ‘ğŸ»ğŸ‘ğŸ»ğŸ‘ğŸ»",2024-09-26T09:43:41Z
@VaishAnsari-tr7rl,Help me my bro plzğŸ˜¢ğŸ˜¢ğŸ˜¢,2024-09-26T09:31:00Z
@sanjeevshukla4512,Are your toys available in india ğŸ‡®ğŸ‡³ And if available than where should i find them,2024-09-26T09:18:43Z
@All-Rounder13887,Mrbeast is best,2024-09-26T08:04:04Z
@sarawilliams8817,What wouldâ€™ve top it off if you guys song the â€œcampfire song songâ€ ğŸ¤£ğŸ¤£ğŸ¤£,2024-09-26T07:55:37Z
@Mr.Gurujee,Give me a chance to become a millionaire.,2024-09-26T07:33:41Z
@ĞºĞ¸Ğ²ĞºĞ°Ñ€Ğ¸,ĞœĞ¸ÑÑ‚ĞµÑ€ Ğ‘Ğ¸ÑÑ‚ ÑÑ€ĞµĞ´Ğ¸ Ğº Ğ½Ğ°Ğ¼ Ğ² ÑˆĞºĞ¾Ğ»Ñƒ Ğ¸ ÑĞ´ĞµĞ»Ğ°Ğ¹ ĞºĞ¾Ğ½Ñ†ĞµÑ€Ñ‚,2024-09-26T06:56:32Z
@Players-b7e,Cabscibe for a cookie ğŸª,2024-09-26T06:38:36Z
@Shorteditzs,We miss chandler,2024-09-26T06:26:39Z
@Vishusaiini,Hatts off camera man âœ¨,2024-09-26T05:47:04Z
@rajaramanlakshman7680,7:50 Bro is stuck,2024-09-26T05:07:22Z
@EngAshrafulIslamNabin,Nice,2024-09-26T04:36:06Z
@kyrgyz1342,ĞšĞ°Ğº Ğ¸Ğ½Ñ‚ĞµÑ€ĞµÑĞ½Ğ°,2024-09-26T03:14:10Z
@MdLakib-o9x,â¤â¤â¤â¤â¤â¤â¤â¤â¤â¤â¤â¤â¤â¤â¤â¤â¤â¤â¤â¤â¤â¤,2024-09-26T01:53:26Z
@DranderReal,4:35 cueva ğŸ—£ï¸,2024-09-26T01:51:13Z
@GiveBackLegend,"What a good video!
Have a nice day everyoneğŸ˜Š",2024-09-26T00:59:23Z
@Sajad-v3h,â¤â¤,2024-09-26T00:57:45Z
@ServicioTec-ff7jd,Literal mente estoy haciendo un dibujo de mrbeart XD,2024-09-26T00:54:21Z
@SnowballlVRYT,Jimmyâ€™s camera man never dies,2024-09-26T00:39:18Z
@stacey2900,WE NEED CHANDLER,2024-09-26T00:15:52Z
@Mathias2324MathiasGarcÃ­a2,Mr beast help vanezuela,2024-09-26T00:00:32Z
@AriaWangsa-gn8uf,The best Mr Beast,2024-09-25T23:49:19Z
@The_Courier-g3e,The best mrbeast contestant has joinedğŸ”¥,2024-09-25T23:35:36Z
@monstergamer2778,ğŸ˜Š,2024-09-25T23:15:34Z
@SadiqKhan22-n5j,I love mr beast,2024-09-25T21:08:41Z
@Soccerfan007,Hi,2024-09-25T21:03:44Z
@selaniearmoogum8711,HI,2024-09-25T19:20:21Z
@javienGonell,mr.beest im a big fan of you,2024-09-25T19:17:14Z
@joeypunnett,where is chanleder,2024-09-25T18:24:01Z
@Ğ‘Ğ°ÑƒÑ‹Ñ€Ğ¶Ğ°Ğ½ĞÑ‹Ò“Ñ‹Ğ¼ĞµÑ‚Ğ¾Ğ²,ğŸ‘ğŸ»ğŸ‘ğŸ»ğŸ‘ğŸ»,2024-09-25T17:52:32Z
@josephpoole5306,Where our cookies,2024-09-25T17:45:59Z
@Thetwogamer-zs4du,We love you keep the hard work going â¤â¤,2024-09-25T17:40:23Z
@BelenGranizo-zi8qz,Estaban unos ojos atrÃ¡s de atrÃ¡s de Mr Bean grandotes cambiaron de colores,2024-09-25T17:37:46Z
@thetrickgirl577,ğŸ˜‚ğŸ˜‚â¤,2024-09-25T17:34:24Z
@gameloves6551,I won all challenges,2024-09-25T16:25:51Z
@d_king_134,"Amazing video  ,ğŸ‘ŒğŸ‘ŒğŸ‘ŒğŸ‘Œ",2024-09-25T16:02:28Z
@sarmilastha47,Banger video,2024-09-25T15:43:06Z
@DiniKÉ™lamlar,You are  a very kind person.,2024-09-25T15:26:44Z
@mrbob-gaming11,pls (persian  audio track),2024-09-25T14:53:09Z
@ERROR-w9b,They took cameraman never dies to a next level ğŸ’€,2024-09-25T14:38:26Z
@RiprowTravels,Follow us ğŸ‘ğŸ»,2024-09-25T12:48:24Z
@willardmusipa609,mr beast the bestğŸ˜œğŸ˜œ,2024-09-25T11:41:57Z
@SushmaSushmadhiman-dq1vm,WowwwwwğŸ˜‚,2024-09-25T11:11:03Z
@donimaulana9421,Nice vlog.. Greeting from indonesiaâ¤â¤,2024-09-25T11:07:52Z
@Irfanansari-zy7ur,Do you guys have any challenge for me I am from india,2024-09-25T09:46:44Z
@hazimsoab8124,Superâ¤â¤â¤,2024-09-25T09:14:03Z
@Nikamir2012,Minecraft be like:,2024-09-25T08:05:44Z
@SkyMiller-y3x,CAVEâ€¦â€¦.CAVEâ€¦â€¦..CAVE,2024-09-25T07:47:26Z
@avadoesstupidshit9930,this validated me so much bc I grew up doing stuff like this,2024-09-25T06:54:38Z
@ki_ro1,Ø§Ù„Ù…ØªØ§Ø¨Ø¹ Ø§Ù„ÙˆØ­ÙŠØ¯ Ù…Ù† Ø§Ù„Ø¹Ø±Ø§Ù‚ ÙˆÙ…Ø³ØªØ­ÙŠÙ„ Ø§Ø´ÙˆÙ Ù†ÙØ³ÙŠ Ù…Ø´ØªØ±Ùƒ Ø¨ ØªØ­Ø¯ÙŠØ§ØªğŸ˜…,2024-09-25T04:59:03Z
@AlvaroZavier-x3r,I love scary challenges like this MrBeast keep it up !!,2024-09-25T04:49:57Z
@EdgarCruzGarcia-gt6sm,ğŸ˜®,2024-09-25T04:40:25Z
@user-M11MM,â¤â¤â¤â¤,2024-09-25T04:15:03Z
@BenjaminKirbyTennyson-g4k,Perfect ğŸ¥° ğŸ˜Š,2024-09-25T04:08:44Z
@DevilBi1052D,â¤ Ronaldo is coming ğŸ˜‚ğŸ˜‚,2024-09-25T03:25:09Z
@MkdOfficialShort,Niceâ¤â¤â¤â¤ğŸ˜‚ğŸ˜‚,2024-09-25T03:21:19Z
@Lorigirl123,The thing u do to make us vid ğŸ‰,2024-09-25T02:53:40Z
@CocaAjeatas,Siiuuu ğŸğŸ â¤ğŸ’š,2024-09-25T01:46:54Z
@Kavanbir,Ronaldo vs mrbeastğŸ˜‚,2024-09-25T01:08:39Z
@Mediterranean-s8i,Ø§ÙƒØ«Ø± Ø±Ø¬Ù„ ÙÙŠ Ø§Ù„Ø¹Ø§Ù„Ù… ÙŠÙØ¹Ù„ Ø§Ù„Ø®ÙŠØ±â¤â¤â¤â¤â¤,2024-09-24T20:06:59Z
@matefranlaguna3968,entering a minecraft cave ğŸ˜‚,2024-09-24T19:59:56Z
@hittergameing2733,"it's really very interesting ......!ğŸ¤©
if any time i have opportunity to meet with you ........... i will be trying to do some challenge with you...!ğŸ¥°",2024-09-24T18:05:56Z
@BADSTUDENT-eh5jw,"Bro carry on no  one can beat you  in yt 
There have no :mf in earthğŸŒ to beat you in yt â¤ğŸ‰",2024-09-24T17:22:58Z
@MineCat_minecraft,He testen cave Update in Minecraft,2024-09-24T17:15:27Z
@lotusgift4022,Omg this gives me anxiety i didn't finished watching.,2024-09-24T17:08:15Z
@darshanavimukthikamburugam9467,ğŸ˜®âœ¨ğŸŠ,2024-09-24T16:46:02Z
@ForgedFiresuy,â¤ I love your videos,2024-09-24T16:37:56Z
@Aadiremo989,No one best himğŸ˜,2024-09-24T16:29:52Z
@Synapse007-t6r,Invite me on the next trip jimmy,2024-09-24T16:26:25Z
@VoidQuest.Gaming,I have never had Feastables,2024-09-24T15:55:32Z
@MustafaurasÃ‡ok,YeeeeeeğŸ‰ğŸ‰ğŸ‰ğŸ‰ğŸ‰ğŸ‰,2024-09-24T15:21:24Z
@GautamRavi-fl4nl,taruq had a hard time as a camaraman i hope he is getting a high salary,2024-09-24T15:20:01Z
@Ù†Ø§ØµØ±Ø§Ù„Ù…Ø±ÙŠ-Ø´8Ùˆ,You live 24 hours in a house in the woods.,2024-09-24T15:12:38Z
@SHIVPRASADORAON100,"Mr beast take me your video ,I am from India",2024-09-24T15:02:25Z
@shihihutag1,Cr7 survival challenge ğŸ˜‚,2024-09-24T14:48:32Z
@PhÆ°Æ¡ngTháº£oNguyá»…nThá»‹-l3x,TÃ´i tháº¥y cÃ¡c báº¡n ráº¥t giá»i,2024-09-24T14:20:39Z
@FlavioJordao-fr2gl,"Venha fazer um desafio cÃ¡ em Angola ou me leva para participar de um, por favor.ğŸ˜­ğŸ˜­",2024-09-24T14:11:04Z
@suadmhanna8916,It's mrbeast,2024-09-24T14:01:01Z
@Ø­Ø³Ù†Ù†Ø§Ø¬Ø­Ø§Ø¨ÙˆØ§Ø²Ø±ÙŠÙ‚,ØµÙ„ÙˆØ§ Ø¹Ù„Ù‰ Ø§Ù„Ù†Ø¨ÙŠ Ù…Ø­Ù…Ø¯ ØµÙ„Ù‰ Ø§Ù„Ù„Ù‡ Ø¹Ù„ÙŠÙ‡ ÙˆØ³Ù„Ù… Ø´ÙÙŠØ¹ Ø§Ù„Ø£Ù…Ù‡ â¤â¤,2024-09-24T13:34:25Z
@danielMendezz-p5m,Me encantÃ³ el video ğŸ˜ŒğŸ™Œ,2024-09-24T13:23:51Z
@GAMER12345-r,"Man vs wild âŒ
Mr beast âœ”ï¸ğŸ˜‚",2024-09-24T12:49:27Z
@Swarnasiddqa,Mr best plz give me 10k dolar,2024-09-24T12:40:50Z
@mathildanonhlanhla6849,"Mr beast is the best

ğŸ‰ğŸ‰â¤â¤â¤â¤ğŸ‰ğŸ‰ğŸ‰ğŸ‰ğŸ‰ğŸ‰â¤â¤â¤â¤â¤â¤ğŸ‰ğŸ‰ğŸ‰ğŸ‰ğŸ‰ğŸ‰â¤â¤â¤â¤â¤â¤ğŸ‰ğŸ‰ğŸ‰ğŸ‰ğŸ‰â¤â¤â¤â¤â¤â¤ğŸ‰ğŸ‰ğŸ‰ğŸ‰",2024-09-24T12:30:50Z
@datobg,Hi MrBeast im your Big fan:),2024-09-24T12:14:07Z
@rizkinurlaila9297,aku dukung mr beast,2024-09-24T12:00:29Z
@rizkinurlaila9297,mr beast semoga banyak yang subscribeğŸ‰,2024-09-24T11:59:52Z
@Kiran-c2h,Mr beast your are very nice your help poor,2024-09-24T11:15:45Z
@Arrrdi,Feastables are best chocolates at the world,2024-09-24T11:05:17Z
@AnimeGuy-ka,Thanks for 10k subsğŸ˜Š,2024-09-24T10:58:14Z
@GaneshChandraChandra-f4v,Super broğŸ˜Š,2024-09-24T10:44:21Z
@young_skuff,"ĞšÑ€ÑƒÑ‚Ğ¾, Ñ‡Ñ‚Ğ¾ ĞœĞ°ĞºĞ° Ğ²Ğ·ÑĞ»Ğ¸",2024-09-24T09:57:57Z
@Abdelrahmanmaged-nz6yc,ILove you mrbeast,2024-09-24T09:18:54Z
@haqsachkiawazofficials512,Outstanding,2024-09-24T09:02:00Z
@Sameercomedy-i5y,mammy kasam sameer+0+sk I will subscribe to youâ¤â¤,2024-09-24T07:58:26Z
@MrVibes-786,Main bhi ese videos banata hun but 2 Subscribers ğŸ˜¢ğŸ˜¢ğŸ˜¢,2024-09-24T07:49:10Z
@TienThanhPhan-h3z,NgÆ°á»¡ng má»™ a quÃ¡ MrBeast a giÃºp em lÃ m youtube Ä‘Æ°á»£c khÃ´ng em Ä‘áº¿n tá»« Viá»‡t Nam,2024-09-24T06:55:48Z
@ÙˆØ³ÙŠÙ…Ù…Ø­Ù…Ø¯-Ø¹3Ù…,I hope that I will enjoy one of your challenges and that you will allow me the opportunity to follow you from the right once again,2024-09-24T06:08:38Z
@ÙˆØ³ÙŠÙ…Ù…Ø­Ù…Ø¯-Ø¹3Ù…,Ø§Ø±Ø¬Ùˆ. Ø§Ù† Ø§Ø­Ø¸Ø§ Ø¨ØªØ­Ø¯ÙŠ Ù…Ù† ØªØ­Ø¯ÙŠØªÙƒ ÙˆØªØ³Ù…Ø­ Ù„ÙŠ Ø§Ù„ÙØ±ØµÙ‡,2024-09-24T06:07:01Z
@mdkiyam5224,I am your big fan and i want to meet you ğŸ˜¢,2024-09-24T06:04:45Z
@RammadTV,Atractive Place,2024-09-24T04:59:12Z
@stefapowerful9256,Me acordÃ© de el viaje al centro de la tierra ğŸ—ºï¸ğŸ—»ğŸ§­ eso es un reto para cualquiera bien hecho equipo beast â¤,2024-09-24T03:34:26Z
@brayanmarin8568,Como consigo una barra de chocolate feastables quiero probar una ğŸ«ğŸ«ğŸ«ğŸ«,2024-09-24T03:33:46Z
@à¹à¸à¸£à¸§à¸²à¸ªà¸´à¸£à¸´à¸™-à¸®2à¸ ,ğŸ˜ŠğŸ¤£,2024-09-24T03:28:30Z
@Myfarry,"Thank you @mrBeast for giving us the best show and also helping the less privileged and even the privileged oneâ€™s u are one of the kindest people. Keep doing the good work. Pls can i participate in your next challenge i never hold dollar note in my life,even if i didnâ€™t win i will get the chance to see and touch dollar noteâ€¦â€¦i am from Africa ğŸ˜Šâ¤",2024-09-24T02:01:39Z
@KMHANDMADE,"it's great that your channel has a translation for our language without having to read the subtitles like usual, 100 pointsâ¤â¤â¤",2024-09-24T01:31:27Z
@CeciliaHernandez-u9g,Ya tengo feastasbles,2024-09-24T01:22:42Z
@seryergonzalez958,"MrBeast 
Regalame un Samsung galaxy S24 ultra please",2024-09-24T01:03:15Z
@Matteo-g4n7k,You should go to Australia ğŸ˜Š,2024-09-24T00:49:33Z
@fnafhellohi,Jimmy is goated,2024-09-23T23:55:05Z
@MahaboobShaik-x6z,umm do hounted house,2024-09-23T23:48:42Z
@MarcialPerezSanchez,I want to participate in a challenge I don't know if I have a chance,2024-09-23T23:35:51Z
@WendyGatica-u2q,Quiero quiero uno de chocolates es que no no los he probado podrÃ­as jugar free fire,2024-09-23T23:27:46Z
@Perro766,I came to see the video because it is for an assignment. I am from Central America and I came to see a video of yours. They are sentences in English but I think I have to learn some words. â¤,2024-09-23T23:18:25Z
@DurdanaImran-l2n,Mr.Beast please invite us,2024-09-23T22:37:12Z
@PixelWorx,Mr Beast can I borrow your camera man to do my videos? These edits are unbelievable!,2024-09-23T21:51:53Z
@lyntelebrico,amazing my friend,2024-09-23T20:30:44Z
@DaPenguinDude,Collab with benergy he wants to meet you,2024-09-23T20:21:40Z
@KerronKarr,Oh my God mr beast is an surviver,2024-09-23T20:11:40Z
@ines_story,Vous Ãªtes fou mais c'est drÃ´le â¤â¤â¤,2024-09-23T19:38:31Z
@awaisawais9530,hi Jimmy am really enjoying your all videosâ¤â¤â¤â¤,2024-09-23T19:10:35Z
@darwinzepeda837,Me puedes sacar en unos de tus videos porfa ğŸ™ soy del salvador,2024-09-23T19:07:04Z
@abdulrahmanbuanz8393,This is a tourist cave,2024-09-23T18:14:44Z
@allycampbell7013,I love your chocolate. I had it today. It was so good. I love it.,2024-09-23T17:52:46Z
@Bipuvlogofficial,Iam big fan sir,2024-09-23T17:45:26Z
@ZORO-xy8fb,You best mrbeastâ¤â¤,2024-09-23T17:38:34Z
@Markolkopla,Jimmy i do not have money to you chockolade,2024-09-23T16:21:37Z
@Cream_Cullen,"Jimmy, you look great and your body is perfect. I just noticed you in this clip. You're so handsome.â¤",2024-09-23T15:50:18Z
@putrarahmatullah-my2hc,Ini yang paling keren dari video yang lain sebelumnya ğŸ‘ğŸ”¥,2024-09-23T15:39:23Z
@à¸£à¸¸à¹ˆà¸‡à¸—à¸´à¸à¸¢à¹Œà¸„à¸¹à¸™à¸²-à¸•3à¸¤,à¹€à¸ˆà¹‹à¸‡,2024-09-23T15:31:32Z
@tomalislam1478,I am a Bangladeshi. â¤â¤â¤,2024-09-23T14:57:36Z
@AbdulRasheed-vt4lr,What survival  challenge  should l try next?,2024-09-23T14:24:05Z
@Therajgaming-1,Survive 7 days in helicopter ğŸ˜‚ challenge you,2024-09-23T14:22:54Z
@orianalazochacon4407,Survive 24 hours at sea but only with things from Walmart,2024-09-23T13:26:51Z
@CricketArafandAdif,Subscribers givavağŸ‰,2024-09-23T13:01:36Z
@ëƒ¥ëƒ¥ë¦¬ì¦ˆ-c6c,ë¹„ìŠ¤íŠ¸ë‹˜ ã„¹ã…‡ íŒ¬ì´ì—ìš” ì € í•œêµ­ì¸íŒ¬ ì…ë‹ˆë‹¤ :3,2024-09-23T12:48:33Z
@ifraAmir-in1xp,Collab with triggered insaan ğŸ¤ğŸ»,2024-09-23T12:45:44Z
@SERINURAINASYAKIRABINTINORWANM,"Jimmy, when can I be in a video, cause i already subscribed for 2 years but I think I will not be in a video cause I'm in Malaysia ğŸ˜¢ğŸ˜¢",2024-09-23T12:05:09Z
@TWAKSTAR,Ohh wow this was in nz â¤ï¸â€ğŸ”¥ my home. Welcome brothers,2024-09-23T11:12:39Z
@TWAKSTAR,Just wow â¤ï¸â€ğŸ”¥ respect guys what an adventure ğŸ«¡,2024-09-23T11:01:48Z
@SHG579,Mr beast all time best â¤,2024-09-23T10:02:14Z
@routerTheWifiMachine,"I mean, the vids still entertaining",2024-09-23T09:55:27Z
@KassimCossa,Como faÃ§o pra participar Mr beast,2024-09-23T08:57:59Z
@Pp_chopas4y,If you see alot of accounts please give them all robux I'm to kind please ğŸ¥ºğŸ¥ºğŸ¥ºğŸ¥ºğŸ¥ºğŸ¥ºğŸ¥ºğŸ¥ºğŸ™ğŸ™ğŸ¥ºğŸ¥ºğŸ™ğŸ¥ºğŸ¥ºğŸ™ğŸ¥ºğŸ™ğŸ™ğŸ¥ºğŸ™ğŸ¥ºğŸ™ğŸ¥ºğŸ¥ºğŸ™ğŸ¥ºğŸ™ğŸ™ğŸ¥ºğŸ¥ºğŸ™ğŸ¥ºğŸ™ğŸ™ğŸ¥ºğŸ¥ºğŸ™ğŸ¥º,2024-09-23T08:56:25Z
@KumarRanjan-xe1bo,But Mr beast  is tha beast,2024-09-23T08:50:42Z
@camm.kts1,Ya really wallen this video lit tho,2024-09-23T08:46:33Z
@DipenDeepen,Oh i want 5000$ mr beastğŸ˜¢,2024-09-23T07:29:17Z
@MdSifat-p9b,"My home is in Bangladesh, I am your big fan, I subscribe to your YouTube channel, I watch all your videos, we are very poor, please help us a little.â¤â¤",2024-09-23T06:53:09Z
@moseschaudhary883,I want to be the part of your video please â¤â¤â¤â¤,2024-09-23T06:51:46Z
@Mr-sonaria,I buyğŸ‰,2024-09-23T05:35:56Z
@andreasalazardesmaidon3879,"ğŸ˜where is?
Chandler,Mark & team MrBeastğŸ’™",2024-09-23T05:30:20Z
@Oguljemal-td3tz,This is some kind of trash ğŸ˜± you are the most fearless person Mr. Beast,2024-09-23T04:50:34Z
@sugardonut7601,4:35 see how concerned Mack looks.,2024-09-23T04:28:27Z
@Aztramilo,"My dream is that you can help me to build one school where kids can learn languages and music.
ğŸ™ğŸ»",2024-09-23T02:49:01Z
@nubiacruz9477,Falta venir a PerÃº ğŸ‰ğŸ‰ğŸ‰,2024-09-23T02:46:54Z
@romeo3152,La mejor,2024-09-23T02:08:42Z
@luissantiagoruizbuitrago8113,PORQUE TIENES UNA CHAQUETA DE COLOMBIA,2024-09-23T01:49:47Z
@aidan7508,You should make a sâ€™mores flavored feastables ğŸ¤¤,2024-09-23T01:35:00Z
@BluMy2,15:18 The cave of the warden in real life,2024-09-23T01:26:23Z
@TaniaEvans-o7e,"2:00 How did you guys sleep?
Horribly,
I didn't.",2024-09-23T00:49:22Z
@AgungYulianto-w7u,Mrbeast bikin konten lagi tapi yang banyak ğŸ˜ŠğŸ˜ŠğŸ˜ŠğŸ˜Š,2024-09-23T00:35:59Z
@Musketeer506,Thanks for 1k subscribers completeâ¤ğŸ‰ğŸ‰,2024-09-23T00:20:42Z
@prince_blackiceraps2509,Spend 7 days in the amazon rain forest,2024-09-22T23:47:26Z
@emmanuelbone1658,"By surviving in a spider cave 
 for 100 days",2024-09-22T23:27:14Z
@gustavoroman6824,MrBeast es mi tio vino de usa a Paraguay y me trajo un festobel es mi primera vez que como uno y es muy rico es el mejor dia de mi vida gracias  mrBeastğŸ˜Š,2024-09-22T23:03:08Z
@Guilhermejet1.0,Hi master beast,2024-09-22T23:01:17Z
@agathavivian7571,Fiquei com medo sÃ³ de olhar,2024-09-22T22:18:09Z
@FR_Gaming,ğŸ‘ğŸ˜ğŸ˜ğŸ˜,2024-09-22T21:55:46Z
@DaGreatAlexandrious,You should make a sâ€™more feastables with graham cracker chunks and freeze dried marshmallows in it,2024-09-22T21:20:00Z
@SaraDahma,ğŸ‰ğŸ‰ğŸ‰ğŸ‰ğŸ‰ğŸ‰ğŸ‰ğŸ‰ğŸ‰ğŸ‰ğŸ‰ğŸ‰ğŸ‰ğŸ‰ğŸ‰ğŸ‰ğŸ‰ğŸ‰ğŸ‰ğŸ‰ğŸ‰ğŸ‰ğŸ‰ğŸ‰ğŸ‰ğŸ‰ğŸ‰,2024-09-22T20:15:48Z
@glorykaiser,Survive the Amazon forest,2024-09-22T19:23:04Z
@MarwanToom,Ø¬Ù…ÙŠÙ„ğŸ‰,2024-09-22T19:01:27Z
@Huda-g3m,Ø§Ù†Øª ÙƒÙŠÙ Ù…Ø§ ØªØ®Ø§Ù ÙˆØ§Ù„Ù„Ù‡ Ø§Ù†Ø§ Ø§Ù…ÙˆØª Ù…Ù† Ø§Ù„Ø®ÙˆÙ Ù„Ùˆ ÙƒÙ†Øª Ù…ÙƒØ§Ù†Ùƒ ğŸ˜‚ğŸ’”,2024-09-22T18:59:23Z
@Mager-rm4hx,Mr beast is the best bro really,2024-09-22T18:39:59Z
@DJAmoment4ever,"Very awesome video Jimmy, but I am worried for you and the boys! What you did was extremely risky even if not everything is real and you had a medical team behind to protect you guys. I hope your girlfriend Thea Booysen can make you change your mind on doing less extreme challenges not, because you and your team wouldnÂ´t be able to achieve them, not, because they wouldnt generate a lot of views for you and make you guys richer, but because you have a giant influence on people of all ages all around the world and you should not risk your health for a challenge that could also be considered a hobby. DonÂ´t forget you have the ideas and crew to back you up to make money daily with educational or documentary videos and much more not just challenges. Also consider hireing real stunt man you have the budget for it and they are professionals.",2024-09-22T18:31:30Z
@dvmbgrl,"this is how i feel living in ireland, its alway wet and coldğŸ˜¢ğŸ˜‚",2024-09-22T18:28:24Z
@KatiaPerez-m7w,Exelente videos,2024-09-22T18:22:26Z
@GirlLeader2016,Maybe you can do stuck in a closet for 24 hours ğŸ˜‰,2024-09-22T18:04:09Z
@mofu1_4,"æ€¥ã«ãƒãƒã£ã¦è¦‹å§‹ã‚ã¾ã—ãŸğŸ˜Š
è¦æ¨¡ãŒå£®å¤§ã§ã™ã”ã„ãªã",2024-09-22T17:58:44Z
@yudadiara,"Hopefully I can get a cellphone giveaway for work from Mr. Beasts

ï¿¼",2024-09-22T17:57:43Z
@DonmiguelR,ğŸ‰ğŸ˜‚ğŸ˜ŠğŸ˜…,2024-09-22T17:56:33Z
@EmanuelVerdugo-v7j,ğŸ‰â¤â¤ğŸ‰,2024-09-22T17:48:29Z
@shallmaleovid,Seruuu broo ğŸ‰ğŸ‰,2024-09-22T17:07:34Z
@nomikonomiko-p7d,I missing out on feastables bcs it doesn't sell in the country i live i think,2024-09-22T17:05:25Z
@arefinahamed9183,Cr7 is coming ğŸ˜…ğŸ˜…,2024-09-22T16:49:40Z
@joygaming33333,Challenge make my subscriber's 100k,2024-09-22T16:31:31Z
@chadimakdessi6197,Mr beast chocolate the best in the world,2024-09-22T15:49:31Z
@camilomedina2870,Me encanta tus videos desde ğŸ‡»ğŸ‡ª,2024-09-22T14:53:20Z
@à¬­à¬¿à­œà¬¿à¬“,Takiyou mr beastğŸ™ğŸ˜…ğŸ˜Š...,2024-09-22T14:23:30Z
@å°¼åŸºå¡”-Nikita,ĞœĞ¸ÑÑ‚ĞµÑ€ Ğ±Ğ¸ÑÑ‚ Ñ‚Ñ‹ ÑÑƒĞ¿ĞµÑ€,2024-09-22T14:19:33Z
@REVEN254,I am fans Mr beast ğŸ‰ğŸ˜¢,2024-09-22T14:18:30Z
@Dineshkumar-zf3rw,Why he using Hindi language?,2024-09-22T14:10:07Z
@OusmaneDembele-s1o,Please i love mrbeast,2024-09-22T13:57:28Z
@dexego,i got early access to the new feastubles,2024-09-22T13:05:22Z
@PandaGamerP,Survive 100 hours in Antarctica,2024-09-22T12:59:02Z
@new-d2n,à¸ªà¸™à¸¸à¸à¸¡à¸²à¸â¤â¤,2024-09-22T11:38:01Z
@mangyasa4168,Mr Beast I want a new cell phone I've been subscribing for a long time but never got a gift ğŸ˜­,2024-09-22T11:27:26Z
@goodspriya26,You are best â¤ï¸,2024-09-22T10:55:15Z
@A1SV-,Mrbeast make webseries action please â¤,2024-09-22T10:48:22Z
@Fannytv004,Big fan please give me $1000ğŸ˜­ğŸ˜­,2024-09-22T10:34:18Z
@Golkhafishing,"amazing natural beauty, joss, keep your spirit healthy, always mrğŸ’ªğŸ‘",2024-09-22T10:26:32Z
@fasihfaqeeryar,Hey mr beast I just wanted to tell you that you are the best and you tried a lot and never gave up so you deserve being the ğŸ‘‘ of YouTube I love you . Can you make a video In Afghanistan it would be pretty fun I am in Afghanistan too so whenever you got here just let me know,2024-09-22T10:18:34Z
@____4274,"Ğ”Ğ¾Ñ€Ğ¾Ğ³Ğ¾Ğ¹ ĞœĞ¸ÑÑ‚ĞµÑ€ Ğ‘Ğ¸ÑÑ‚. Ğ’Ñ‹ Ğ³Ğ¾Ğ²Ğ¾Ñ€Ğ¸Ñ‚Ğµ Ñ‡Ñ‚Ğ¾ Ğ²Ğ°ÑˆĞ¸ Ğ¸Ğ³Ñ€ÑƒÑˆĞºĞ¸ ĞµÑÑ‚ÑŒ Ğ¿Ğ¾ Ğ²ÑĞµĞ¼Ñƒ Ğ¼Ğ¸Ñ€Ñƒ,Ğ½Ğ¾ Ğ´ĞµĞ»Ğ¾ Ğ² Ñ‚Ğ¾Ğ¼ Ñ‡Ñ‚Ğ¾ Ğ² Ğ£ĞºÑ€Ğ°Ğ¸Ğ½Ğµ Ğ²Ğ°ÑˆĞ¸Ñ… Ğ¸Ğ³Ñ€ÑƒÑˆĞµĞº Ğ½ĞµÑ‚ğŸ˜¢",2024-09-22T10:13:08Z
@brunaf.barbosa2252,Awwww,2024-09-22T09:40:22Z
@DiloromxonSulaymonova-g5e,It's a very good ğŸ’¯,2024-09-22T09:24:45Z
@indiraindira6482,13:08 ğŸ˜‚,2024-09-22T08:57:13Z
@stylishsyl,Guys I think this is the cave from yk the dragons movie-,2024-09-22T08:25:11Z
@ĞœÑƒÑ€Ñ‚ÑƒĞ·ĞœÑƒÑ€Ñ‚Ğ°Ğ·Ğ°Ğ»Ğ¸ĞµĞ²-Ñ†3Ñ…,"ĞÑÑĞ°Ğ»Ğ°Ğ¼ Ğ°Ğ»ĞµĞ¹ĞºÑƒĞ¼ Ğ¼Ğ¸ÑÑ‚ĞµÑ€ Ğ±Ğ¸ÑÑ‚ Ñ Ñ…Ğ¾Ñ‡Ñƒ Ğ¿Ğ¾ÑƒÑ‡Ğ°ÑÑ‚Ğ²Ğ¾Ğ²Ğ°Ñ‚ÑŒ Ğ½Ğ° Ğ²Ğ°ÑˆĞµĞ¹ Ğ¸Ğ³Ñ€Ğµ 
ĞÑ‡ĞµĞ½ÑŒ ÑĞ¸Ğ»ÑŒĞ½Ğ¾ ĞµÑĞ»Ğ¸ ĞµÑÑ‚ÑŒ Ğ²Ğ¾Ğ·Ğ¼Ğ¾Ğ¶Ğ½Ğ¾ÑÑ‚ÑŒ Ğ´Ğ°Ğ²Ğ°Ğ¹Ñ‚Ğµ Ğ´Ğ¾Ğ±ÑŒÑ‘Ğ¼ÑÑ Ñ‡Ñ‚Ğ¾Ğ± Ñ Ğ¿Ñ€Ğ¾ÑˆÑ‘Ğ» Ñ Ğ²Ğ°Ğ¼Ğ¸ Ğ»ÑĞ±ÑƒÑ Ğ¸Ğ³Ñ€Ñƒ",2024-09-22T08:21:25Z
@bellacooper-p4d,you guys made it on Â´kiwi kids newsÂ´ğŸ¤£ğŸ¤£ğŸ˜‚,2024-09-22T07:54:09Z
@rustam.1977,ĞšÑ€ÑƒÑ‚Ğ¾Ğ¹ Ğ¿Ğ°Ñ€ĞµĞ½ÑŒ Ñ Ğ¿Ğ¾Ğ´Ğ¿Ğ¸ÑĞ°Ğ»ÑÑ Ğ½Ğ° Ñ‚ĞµĞ±Ñ ğŸ‘ğŸ‘ğŸ‘,2024-09-22T07:35:21Z
@NIGHTstalker99_5,Live in a tree for a week. Something massive like a sycamore.,2024-09-22T07:26:25Z
@Ğ·ĞµĞ»ÑŒĞ½,0:30 I would never go into a cave ğŸ˜ŠğŸ˜…,2024-09-22T06:48:49Z
@daophuquyoi,"Clip táº¡o cáº£m giÃ¡c ráº¥t hay vÃ  sinh Ä‘á»™ng, tháº­t tuyá»‡t khi xem nÃ³",2024-09-22T06:37:37Z
@OnlygoodworkTV,â¤â¤ğŸ‰ğŸ‰wow,2024-09-22T06:29:22Z
@GregChidester,Mr. Beastâ€¦.sign me up for one of your episodes & I will do it for just the bragging rights. Would like to prove that you really do pick random people for these challenges.,2024-09-22T05:58:28Z
@sblackusmc,Make a smores feastable. With marshmallows minis and gram crackers inside the chocolate ğŸ«,2024-09-22T05:49:45Z
@killbethy,Spend 7 days trapped in a cave = spend 7 days trapped in a gorgeous NZ tourist attraction w a cafe & gift shop inside that takes a 1 hour lazy river tube ride to cross ğŸ˜¹ even kids are allowed!,2024-09-22T05:01:56Z
@albumfarhan,why Mr.Beast always smiling in every kind of situationğŸ˜‚,2024-09-22T04:18:56Z
@chloberri4563,Mr beast Iâ€™m gonna use this cave video as inspiration for my painting to submit to an art school for auditions,2024-09-22T03:47:13Z
@kawaii866,ã„ã¤ã‚‚æ¥½ã—ãã†ğŸ˜®,2024-09-22T02:53:55Z
@atngo9356,Amazing good job mrbea,2024-09-22T01:58:42Z
@fellyhusaini1236,Hallo MR  Beats,2024-09-22T01:49:22Z
@IND643,ğŸ˜²ğŸ˜²ğŸ¥°ğŸ˜,2024-09-22T01:20:02Z
@Fuzzythebunny-rf8ey,"The cameraman had to go through all of this, too.
Good job cameraman.",2024-09-21T23:50:14Z
@vahidgym222,CR7 KING YOUTUBE ğŸ’¯,2024-09-21T23:30:00Z
@marlonf.,Â¡QuÃ© guay!,2024-09-21T22:35:43Z
@Evil.121,My Dream Is 5 likesğŸ˜¢,2024-09-21T22:31:01Z
@Atoms7_ru,Ğ”Ñ€Ğ¾Ğ½ ĞºÑ€ÑƒÑ‚ğŸ˜,2024-09-21T22:26:40Z
@awagueye6421,Wow mr beast got a whole new crewğŸ˜Š,2024-09-21T21:06:17Z
@liveconcertsshow4874,"The person reading this message, I wish you a good day and moodâ¤",2024-09-21T19:53:33Z
@ArtisticVisualist,"Cave survival tip #1: If you hear a noise behind you, itâ€™s either a batâ€¦ or the realization that you should have stayed home.",2024-09-21T19:52:02Z
@juanabarbaritacarlosvalenc7060,24 HORAS CON MESSI,2024-09-21T19:38:10Z
@DugguZeph-ry1gc,Bhai aap Indian ladke ho,2024-09-21T18:20:56Z
@Sowrov_officials999,My favorite YouTuber ğŸ˜«,2024-09-21T17:19:35Z
@hanna4572,Amo o fato desse canal ser para vÃ¡rios paÃ­ses,2024-09-21T17:15:11Z
@ShehryarYousaf-o2m,Cr7 Army ğŸ˜,2024-09-21T17:09:30Z
@JimenaLemus-p6e,"Mrbeast yo me comÃ­ tu chocolate y estÃ¡ muy rico que se llaman 
oh",2024-09-21T16:25:11Z
@ChristiWhite-qr4ks,"MrBeast, I canâ€™t believe you did that never in my whole life. I wouldâ€™ve been dead.",2024-09-21T16:25:07Z
@Noobcrafttt,i'll never stop loving mrbeasttttttttttttttttttttttttttttttttttttttt,2024-09-21T16:01:23Z
@GautamSingh-y1k,Somehow i like the videos made by our mr beast,2024-09-21T16:00:53Z
@blueshepard7,Journey to the Center of the Earth but fun version ğŸ˜‚ğŸ˜‚ğŸ˜‚ğŸ˜‚,2024-09-21T15:41:11Z
@ZDRTRW,"Video idea Whoever survives the longest in the abandoned house gets a prize , It's up to you to give what might be a dollar or a car or something.",2024-09-21T15:33:37Z
@AdamAbdalla-zb1du,Mr beast ir better in YouTube not in foot ball or soccer,2024-09-21T15:28:15Z
@ValdemarSoarespinto,1:55 oiğŸ˜Š,2024-09-21T14:38:50Z
@å±±å†…éŠ€å¤ª,å¥½ã,2024-09-21T12:45:36Z
@Ğ”Ğ°Ñ€ÑŒÑĞ‘ĞµÑ€ĞµĞ·Ğ¾Ğ²ÑĞºĞ°Ñ-Ğº2Ñ„,ĞŸĞ¾Ñ‡ĞµĞ¼Ñƒ Ñ‚Ğ²Ğ¾Ğ¸ ÑˆĞ¾ĞºĞ¾Ğ»Ğ°Ğ´ĞºĞ¸ Ğ½Ğµ Ğ²Ñ‹Ñ…Ğ¾Ğ´ÑÑ‚ Ğº Ğ½Ğ°Ğ¼ Ğ² Ğ˜ÑĞ¿Ğ°Ğ½Ğ¸Ñ,2024-09-21T12:30:51Z
@AKSHIT-e2z,Cool man ğŸ˜®,2024-09-21T11:21:33Z
@mithrasurampalli5530,Mr.Beast are feastables there in india,2024-09-21T10:33:57Z
@Ğ£Ğ·Ğ±ĞµĞºÑÑ‚Ğ°Ğ½Ğ´Ğ¾Ñ„Ñ„,Ğ¾Ğ¿ĞµÑ€Ğ°Ñ‚Ğ¾Ñ€ ĞºĞ°Ğº ÑĞ½Ğ¸Ğ¼Ğ°ĞµÑ‚ Ğ¸Ğ½Ñ‚ĞµÑ€ĞµÑĞ½Ğ¾,2024-09-21T10:32:39Z
@Watchwithrashid07,Thanks for 50 SUBSCRIBER,2024-09-21T10:31:50Z
@NaimaNaima-ue1oc,WAWğŸ˜®ğŸ˜®ğŸ˜®ğŸ˜®â¤,2024-09-21T10:28:41Z
@aloosh997,Is it me or does carl sound a lot like Morty from rick and morty,2024-09-21T10:11:22Z
@ulanbek-gz7mp,Ğ¥Ğ°Ğ¹ Ğ”Ğ¶Ğ¸Ğ¼Ğ¼Ğ¸ how are you,2024-09-21T10:09:56Z
@ArmanHossain-zr2qd,Plz come Bangladesh,2024-09-21T09:57:21Z
@MuhammadMusa900-ls5ow,Bhai subscribe karva do,2024-09-21T09:21:52Z
@DaisyIllustrations,8:25 Mr B quoting Hercules out of the blue,2024-09-21T08:24:19Z
@KenXd2,"He posted it, he's alive",2024-09-21T08:07:16Z
@sportsmengeroi,ĞšĞ»Ğ°ÑÑĞ½Ğ°Ñ Ğ¿ĞµÑ€ĞµĞ´Ğ°Ñ‡Ğ° ÑĞ¼Ğ¾Ñ‚Ñ€Ñ Ğ²ÑĞµ ÑĞµÑ€Ğ¸Ğ¸,2024-09-21T08:04:27Z
@AbdulMajeedTahir-q7c,Vote for  survival  in   amazon jungle,2024-09-21T06:47:28Z
@Beastytgames,I love you @mrbeast â¤ will you marry me ğŸ‘„ğŸ’•?,2024-09-21T05:58:01Z
@FinoZaky,Mr Beast mengapa kau bertahan hidup seringnya 7 hari,2024-09-21T05:47:45Z
@MuhammadRisky-u8w,I love Mr Beast and love Mr Beast content,2024-09-21T05:32:10Z
@KimEmaa-cx4kr,I wish i go with you guys!!!,2024-09-21T03:46:40Z
@krxshoutj1,bro is the  biggest creator in da world,2024-09-21T03:16:11Z
@mad-3333,5:20 my eyes ğŸ˜‚,2024-09-21T02:25:13Z
@Vicius_mirage,AlguÃ©m brasileiro?,2024-09-21T01:59:51Z
@BeauMichael-t5e,Survive seven days in the Sahara desert,2024-09-21T01:52:38Z
@TheRealWorld-hd4fc,"Jimmy, me and my best friends love Sabrina Carpenter and we are very short on ticket money. We would love for the last concert of are best friend to be Sabrina. If there would be any way we could get 600$ for tickets that would be the great Indy thing ever, thank you Jimmy and we send loveâ¤ï¸â¤ï¸â¤ï¸",2024-09-21T01:17:08Z
@faithkajuju-n4b,I like how Karl yells CAVE!ğŸ˜‚ğŸ˜‚,2024-09-21T01:03:27Z
@Kasser710,Minecraft was right if there is water in the caves,2024-09-21T00:57:05Z
@Lili_Blitzzz,The most best climber is the cameraman,2024-09-20T23:54:24Z
@bhupinderrosha,You are my favorite youtuber,2024-09-20T23:46:12Z
@juanmunozcarrasco315,"Jimmy de eso se trata la vida, de vivirla juntos a los que te aman y apreciar los pequeÃ±os detalles",2024-09-20T23:18:17Z
@AzraelLourdCuesta,Ty Mrbest for the loot in minecraft I found it on my minecraft world,2024-09-20T23:07:11Z
@GALEN52749,MrBeast Is Amazing ChannelğŸ’ğŸ’ğŸ’ğŸ’,2024-09-20T22:39:10Z
@toxic_0.11,"Ğ‘Ñ€Ğ¾, Ñƒ Ñ‚ĞµĞ±Ñ ÑĞ°Ğ¼Ñ‹Ğ¹ Ğ»ÑƒÑ‡ÑˆĞ¸Ğ¹ ĞºĞ¾Ğ½Ñ‚ĞµĞ½Ñ‚!",2024-09-20T22:37:14Z
@NezarNayiof,ÙƒÙ… Ø§Ø±ÙŠØ¯ Ø§Ù† Ø§Ø´Ø§Ø±Ùƒ ÙÙŠ ØªØ­Ø¯ÙŠØ§ØªÙƒ ğŸ˜¢ Ù…Ø³ØªØ±,2024-09-20T22:29:36Z
@Maggy-d9s,Hola Mr Bean tus chocolates fuiste vos Yo sÃ© que no sÃ© cÃ³mo se llaman pero me puedes mandar un saludito yo soy tu fan pero mÃ¡ndame saluditos cÃ³mo se escribe tu canal perdÃ³name pero soy tu familia perdÃ³n por no darle like y suscribirme perdÃ³n pero chocolate estÃ¡n bien ricos no los probÃ© pero me puedes regalar mucho dinero para mÃ­ para que me comprÃ© mi nintendo por favor es que mi sueÃ±o es tener una nintendo switch explÃ­camelo cobran porque no tenemos tanta plata asÃ­ que nos puedes regalar dinero en PerÃº vamos a participar bueno sÃ­ ya pero uno fÃ¡cil porque voy a ir con mis papÃ¡s y con mis primitas ya y tambiÃ©n nos puede hacer chocolate los pista balls me gustan mucho,2024-09-20T22:19:10Z
@JosuÃ©SÃ¡nchez-r1l,Do You remember CRISTIANO RONALDOOOOOO ğŸ”¥ğŸ”¥ğŸ”¥ğŸ”¥ğŸ”¥ğŸ”¥âš½âš½âš½âš½,2024-09-20T22:15:18Z
@AdrHamad,"wesh Mr Beast. trop forte tes videos. j ai besoin que tu m aides, je voudrais gaver 1000 personnes. tu penses ils auront encore faim apres",2024-09-20T21:12:16Z
@KaBoom997,Nice teady bear Chandler,2024-09-20T20:45:47Z
@MysteryUseroconfig,hello MrBeast:D,2024-09-20T20:10:08Z
@Zaidrazzaqui,This one was crazy ğŸ˜®,2024-09-20T19:53:45Z
@Juguibugui2093,MrBeast ya yego los juguetes a Bolivia,2024-09-20T19:03:43Z
@MdBelal-ln5rl,â¤â¤ğŸ‰ğŸ‰Hi wow,2024-09-20T18:47:21Z
@arifahmed066,ğŸ¥°â¤,2024-09-20T18:35:29Z
@monamakhlouf1382,Ur chocolate is tasty ğŸ˜‹,2024-09-20T18:25:16Z
@elietabet5921,Que locurasğŸ˜²,2024-09-20T17:32:56Z
@natalia3997,Por quÃ© no han probado los s'more de feastables? PORQUE  VIVO EN LATINOAMERICANO  Y NO VENDEN PARA HACER S'MORS NI FEASTANLES :(,2024-09-20T17:12:47Z
@funwithmeghan8044,"You r great youtuberâ€¦ â¤& 
Great person MrBeast ğŸ¥°ğŸ¥°â¤ï¸",2024-09-20T16:34:33Z
@BIDY_rl,im scared for Jimmys life with all these videosğŸ˜­,2024-09-20T16:33:20Z
@CarlosAbarca-r4w,Ãngeles verdaderos fans de Jimmy,2024-09-20T15:18:27Z
@Ayushgfhgamer,Living under the sea 20 days,2024-09-20T14:48:50Z
@nani-om8ku,ĞœĞ¸ÑÑ‚ĞµÑ€ Ğ±Ğ¸ÑÑ‚ Ñƒ Ñ‚ĞµĞ±Ñ Ğ²ÑĞµĞ³Ğ¾ Ğ»Ğ¸ÑˆÑŒ Ğ¾Ğ´Ğ½Ğ° Ğ¶Ğ¸Ğ·Ğ½ÑŒ Ñ…Ğ¾Ñ‚ĞµĞ»Ğ¾ÑÑŒ Ğ±Ğ¾Ğ»ÑŒÑˆĞµğŸ˜¢,2024-09-20T13:46:59Z
@Lionelmahardika3246,mr beast giving samsung s24.,2024-09-20T13:36:47Z
@ngoctruongphuoc4419,I like mrbest,2024-09-20T13:36:22Z
@Aninggar_ajaaa,I didn't expect your effort to be this high.ğŸ‰â¤,2024-09-20T12:43:03Z
@sayalmanxe,"next uupp climb a mountain in nepal
\",2024-09-20T12:37:42Z
@VAYLON999,Mr beast you cool man subscribe for mr beast Iâ€™m from Russia ğŸ‡·ğŸ‡º I like mr beast,2024-09-20T12:37:14Z
@yukkiyuko8126,Joel is amazing,2024-09-20T12:36:47Z
@AditPratama-y9k,0:29  if l could win a cellphone from mrbeast l would be very proud and thank youğŸ‰,2024-09-20T12:26:53Z
@JustLayan-z3k,"Meterbest buy the latest iPhones and distribute them to everyone who follows you, no matter who they are and wherever they are in the world. Whoever agrees with me should like it.",2024-09-20T11:54:24Z
@lakhshyapro,good !!!!!!!!!,2024-09-20T11:00:37Z
@darrenbenedictlim6186,10:10 I'll be honest I've never had a smore anyway,2024-09-20T10:52:58Z
@muhammadqurban3466,This toy available in pakistan,2024-09-20T10:31:25Z
@carlaescobarvalverde6738,Sobrevive en una montaÃ±a,2024-09-20T10:29:51Z
@David613J,"Jimmy is incredibly smart. This guy hiring pros to assist with navigating the cave is testament to the fact that he is smart and doesnâ€™t want to get stuck in the cave, lol ğŸ˜‚",2024-09-20T09:36:08Z
@Freefire-mw1qr,Anyone from Bangladesh ğŸ‡§ğŸ‡©ğŸ‡§ğŸ‡©ğŸ‡§ğŸ‡©,2024-09-20T09:36:00Z
@nagromgaming3439,Bro fit 7 days into 17 minutes ğŸ˜…,2024-09-20T09:32:42Z
@MDABIR-h4i,bigfan,2024-09-20T08:37:40Z
@ãƒ­ãƒ“ãƒ«ã‚¯ã‚¦ã‚¥ã‚£ãƒ¼ãƒ³,ã„ã¤ã‚‚é¢ç™½ã„å‹•ç”»ã‚’ã‚ã‚ŠãŒã¨ã†,2024-09-20T08:35:23Z
@sunitarathor1805,Mrbeast I am your subscriber,2024-09-20T08:24:41Z
@asadsajeed7055,It's time mr beast go for Mount Everest ğŸ˜Œ,2024-09-20T08:06:26Z
@Ğ¯Ñ€Ğ¾ÑĞ»Ğ°Ğ²-Ñ‚9Ñ€2Ğµ,Ğ¯ Ğ¿Ğ¾Ğ´Ğ¿Ğ¸ÑĞ°Ğ½ Ğ½Ğ° Ñ‚Ğ²Ğ¾Ğ¹ ĞºĞ°Ğ½Ğ°Ğ»,2024-09-20T07:58:00Z
@koukou1206,Ø¥Ø°Ø§ ÙƒÙ†ØªÙ… ØªØ³Ø£Ù„ÙˆÙ† Ø¹Ù† ØªØ´Ø§Ù†Ø¯Ù„Ø± ÙÙ‡Ùˆ ÙÙŠ ØªØ­Ø¯ÙŠ Ù„Ù…Ø³ØªØ± Ø¨ÙŠØ³Øª,2024-09-20T07:56:19Z
@Wbaryan123,Thanks for 400 subscribe ğŸ˜¢â¤ keep supporting ğŸ™,2024-09-20T07:50:55Z
@KaiOfficial0,THANKS FOR 100 SUBSğŸ‰,2024-09-20T07:10:37Z
@SagorKha-w6v,You are best â¤,2024-09-20T06:40:38Z
@Dirty-1812,the water must be so cold.,2024-09-20T06:18:02Z
@lekzintshokiwangmo,"I really love Karrl 
he's too real",2024-09-20T05:31:21Z
@Khang0918,He should really make these hour long videos stuff like this is insane,2024-09-20T04:26:18Z
@funnycompilation3969,I live in the philipines but im a big fan!!!,2024-09-20T03:55:49Z
@Nugik99,"I have subscribed, I want a Samsung if possible",2024-09-20T03:48:36Z
@GuillermoLeon-yr9sc,Los festables no estan en venta en costa ricağŸ˜¢,2024-09-20T03:08:20Z
@Onlyslimes09,Very demure very mindful,2024-09-20T02:52:10Z
@pauloorona2159,Me beast is the goatğŸ‰â¤,2024-09-20T01:51:12Z
@ã¯ã‚‹ã¯ã‚‹-l4c,ãƒãƒ§ã‚³é£Ÿã¹ã¦ã¿ãŸã„ğŸ«,2024-09-20T00:47:34Z
@carolgomez839,Mistervis as un video de 8 dÃ­as en el bosque con todos,2024-09-20T00:15:26Z
@fredsonbsb-ul9yo,"Assistir mrbeast no almoÃ§o e bom demais! 
Espero que o mr beast saiba a lÃ­ngua brasileira.",2024-09-19T23:22:03Z
@rayaanvlogger.555,Thanks for 43 subscribers â¤,2024-09-19T21:40:18Z
@estebanmartinez2710,No puedo ver el video por la claustrofobia ğŸ˜‚,2024-09-19T21:34:24Z
@jasonslomiak,"Come grab me, I'll goğŸ˜‚",2024-09-19T21:22:41Z
@JessMG-g1h,Je t'adore,2024-09-19T21:08:42Z
@Lisanball1998,Messi es el mejor,2024-09-19T20:47:18Z
@Ø£Ø¨ÙˆØ¥ÙŠÙÙ°Ù„ÙŠØ§-Ø­4Ø­,Ø§Ù†Ùƒ Ø±Ø¬Ù„ Ù…ØºØ§Ù…Ø± Ø­Ù‚Ø§ ÙˆÙ…Ø­ØªÙˆØ§Ùƒ Ø¬Ù…ÙŠÙ„ğŸ˜Š,2024-09-19T20:30:03Z
@GleeFree,"My Beastâ¤ï¸, no one can challenge  you!ğŸ˜®
 Beast fans like & subscribe  ğŸ‘ğŸ»",2024-09-19T18:50:25Z
@yanelicabreraalonso2931,Hola buenos dÃ­as como ğŸ˜Šâ¤â¤,2024-09-19T18:42:18Z
@zeynepkebiri1985,Minecraft marathon real life situation,2024-09-19T18:36:24Z
@siryiljanninyhernandez7176,@MrBeast la razÃ³n por la cual aÃºn tengo YouTube â¤,2024-09-19T18:30:52Z
@user-asoo133,Ø±ÙˆÙ†Ø§Ù„Ø¯Ùˆ Ø³ÙŠÙŠÙŠğŸ˜‚â¤,2024-09-19T18:20:07Z
@ChattambeeBoys,Nice teddy Chandler,2024-09-19T17:04:32Z
@msmarufa-s2q,very nice mrbeast,2024-09-19T16:56:29Z
@MubashirMalik-h9i,Your videos is best mister beastğŸ‰â¤,2024-09-19T16:47:55Z
@Pubudumadushan798,Amazing ğŸ’“ğŸ’“,2024-09-19T16:32:22Z
@GOJO9183,Best YouTube,2024-09-19T16:28:18Z
@ShahrukhMansha3,I'm Happy that you invited Mack also,2024-09-19T16:25:48Z
@Funnyy_video_video,Beast brother I watch all your videos.  You help everyone I see in the video.  I am in a lot of trouble with my family to help me. My home is Bangladesh. We are very poor people. All our houses have been washed away by floods.ğŸ˜¢,2024-09-19T16:09:35Z
@elambuyo6013,"just watching you reminds me of the show 1000 ways to die. WhT other shows can you emulate ?  Someone just told me about you coz I have never heard of you eventho Iâ€™ve been on YouTube since it came out. Wow the power of YouTube!, Good entertainment. Clean without being foul. Good Thursday .",2024-09-19T15:41:00Z
@KingstonBoulden-v7c,A survival in concert,2024-09-19T15:28:13Z
@elambuyo6013,How about staying in a hot air balloon as long as you can...  without talking. Send a message to someone you see up in tha air to follow you.. literally in a hot air balloon . See how many will follow you in this challenge.,2024-09-19T15:24:56Z
@SafiraBatista-t5v,Mrbeast eu sou do Brasil nÃ£o posso provar a barra de chocolate eu nunca vi,2024-09-19T14:53:01Z
@unknownGaming-zp6zo,Big fan mrbeastğŸ‰ğŸ‰,2024-09-19T14:07:31Z
@arthurpaz8642,CR7 much bigger than Messi,2024-09-19T14:01:53Z
@mjmofficial6936,Cameraman is always immortal ğŸ˜‚,2024-09-19T13:47:17Z
@CODRenger,ğŸ˜…ğŸ‰,2024-09-19T13:35:39Z
@ShihmyratAmanov,Mrbeast is better than A4,2024-09-19T13:34:44Z
@Foodisgood1,Im new support please â¤ï¸,2024-09-19T13:29:20Z
@jawedAhemad-mp5kn,Mr Beast is very good â¤â¤â¤â¤â¤â¤â¤â¤â¤â¤â¤â¤â¤,2024-09-19T12:57:57Z
@KarolinaJanik-u5q,You are the coolest YouTuber.,2024-09-19T12:28:47Z
@Boring_lady12,Ooo make a snore flavorate chocolateee,2024-09-19T12:24:31Z
@NeoSefatsa-io7ko,Come to south Africa and survive like us for 7daysğŸ˜‚ğŸ˜‚,2024-09-19T11:42:26Z
@Mc12._546,Me with my friends in Minecraft be like:,2024-09-19T11:37:55Z
@John-h3x,THATS 3 MILES,2024-09-19T11:03:00Z
@ItzMe_Swiden,Can we get the new toy or chocolate in India? I really wanna try it out but I donâ€™t know if itâ€™s available here ğŸ˜¢,2024-09-19T10:53:21Z
@kouakoufranckkomenan1700,Moi je veux participer aussi,2024-09-19T10:53:07Z
@PocoM5-uv5cb,7 DAY IN AMAZONE PARK,2024-09-19T10:50:59Z
@DavidDivineDelight,Mr breast u are awesome bro one love by double D watching from Nigeria keep it up sir but remember me sir,2024-09-19T10:29:12Z
@dilzodagamer4846,1 push up for every subscriber i getâ˜ï¸ğŸ™,2024-09-19T09:56:37Z
@LeonardBacquillas,Mr.beast I want your chocolate but I don't have enough money can you give me free one?,2024-09-19T09:02:16Z
@LeonardBacquillas,Mr.beast can you give me a free feastables?,2024-09-19T09:01:15Z
@KrishnaSingh-0007,Hello Mr beats mai aap se milna chahta kya aap mujhse mileage please mai India ğŸ‡®ğŸ‡³ ka hu agar aap mujhse mileage tho aap apne channel dwara ak shorts video me mujhe video ya FIR message se mujhe bata dijiye please Iam your fan,2024-09-19T08:50:04Z
@Pex_sick,please buy me a Samsung S23 Ultra ğŸ˜­,2024-09-19T08:32:22Z
@MG__3838,Love from Mars ğŸ«¶ğŸ‘½,2024-09-19T07:58:15Z
@elvispetrov350,Your new toy I got it,2024-09-19T07:28:17Z
@elvispetrov350,Mr beast I got your new you have released,2024-09-19T07:27:36Z
@SaidMendezvega,Hola ğŸ¤—ğŸ¤—,2024-09-19T07:12:01Z
@teamvgra484,Mr beast I also want to participate in your video so what can I do please tell me in your video. I am 13 year old child please I also want to do somethingğŸ˜¢ğŸ˜¢,2024-09-19T06:24:18Z
@mouna-y9b,sahbti ( Mouna Saleh ) ZWINA BZAAAAAFFFFFFFFFFFFFF I LOVE HER SOOO MUCHHHHHH MUAHHHH TO HERRRR,2024-09-19T06:18:37Z
@Love.sanatan-ram,"Challenge for me
Am indian",2024-09-19T04:44:24Z
@Pramitthakur,ğŸ‘ best video for new,2024-09-19T03:54:46Z
@bestboisbreh,I live in the philipines i cant buy fiestabels,2024-09-19T03:35:58Z
@weeniekat3113,you're an egg,2024-09-19T03:33:13Z
@MaicolGuzman-je7ji,mrbeast me dio miedo de que muerasğŸ˜ soy tu fan,2024-09-19T03:22:57Z
@à¸„à¸£à¸¹à¹ƒà¸«à¸¡à¹ˆà¹„à¸‚à¹ˆà¸«à¸­à¸¡,"I'll tattoo Mr. beast's name and logo on my back if you give me 50,000 us.",2024-09-19T03:08:34Z
@michellenatividad6575,"Mister beast

â¤â¤â¤â¤â¤â¤â¤ğŸ˜‚ğŸ˜‚",2024-09-19T02:54:32Z
@sarahyde2523,i had my first feastable last week. Im in love with them. I love watching Mr. Beast. my favorite youtuber,2024-09-19T02:49:28Z
@JesusIsKingChrist,DONT say GODâ€™S NAME IN VAIN,2024-09-19T02:15:39Z
@Platonplay2994,I dint even scared another video but this this makes me really scaredğŸ˜¥,2024-09-19T02:07:52Z
@Jessica_nguyen,"4:36 
Mrbeast: cave!
Karl: CaAaAaVvVe!
Mrbeast/everyone (except Karl): cave!
Karl: CAVVVvvevvavEeeEEe
Everyone (except karl): Cave!
Karl: CaAaAvVvVEeE!",2024-09-19T01:51:14Z
@v_Golem,Survive 10 days in the desert,2024-09-19T01:31:52Z
@josephjawabreh8624,Mr beast I need a cyber truck please bro,2024-09-18T22:55:23Z
@ThaisPallares,Eres muy inteligente y ocurrente tus formas de distracciÃ³n son espectaculares vivo en Venezuela tengo 61 aÃ±os y wooo es intenso me gustarÃ­a ir a una de tus visitas de comparaciÃ³n de los barcos mÃ¡s lujosos o las casas mÃ¡s bellas chao,2024-09-18T22:24:27Z
@benshields5063,You're awesome mrbeastğŸ˜Š,2024-09-18T22:22:15Z
@dolldagger309,And the smallest cave you can find MrBeast,2024-09-18T20:37:20Z
@dolldagger309,How did he find a Cave,2024-09-18T20:36:51Z
@ducks717,when am I gonna get my cookie,2024-09-18T20:11:03Z
@naokishirosawa4682,7 dÃ­as en una cueva debajo del mar,2024-09-18T19:48:12Z
@engineer912,bro you need to upload this video in 4k just for once please,2024-09-18T19:32:25Z
@mahdiaghazadeh-i1y,"Hi Jimmy, I am Iranian and you are great, keep goingâ¤",2024-09-18T19:32:02Z
@mahdiaghazadeh-i1y,ÙÙ‚Ø· Ù…Ø³ØªØ± Ø¨ÛŒØ³Øª,2024-09-18T19:16:24Z
@JohnGeiseb-k9r,Try staying 7 days underwater,2024-09-18T19:10:13Z
@ROBLOXIANGIRL-i9z,Thank god u survived day 7,2024-09-18T18:59:55Z
@Marcelo-iq4ic,4:35 ğŸ˜‚,2024-09-18T18:15:40Z
@_martins.r8590,A voz dele e a mesma do Sheldon Cooper de the big bag theory,2024-09-18T18:13:59Z
@sanjanaghorpade6113,"Why are you not with man vs wild , like come on you need bear grills ğŸ¥¹ğŸ¤§ğŸ¤§ğŸ¤§",2024-09-18T17:27:11Z
@Wanther-cl8zk,This is Mr.Beast TV,2024-09-18T17:08:35Z
@montserratantoninoestrada5136,Mister vat ya me suscribe puedo participar en tus juegos,2024-09-18T17:05:16Z
@faizanali-p1f1j,Mr Bean bhai mujhe bhi festival bhej do,2024-09-18T16:53:54Z
@BokangKhoza,Stranded in the wildlife for 7 days ğŸ˜®ğŸ˜®,2024-09-18T16:48:56Z
@arturfds8705,Mano o editor desse caraâ€¦.,2024-09-18T16:45:31Z
@ØµÙØ§ÙˆÙŠØ§Ù„Ø¹Ø±Ø§Ù‚ÙŠ-Ø·9Ø­,Ù„Ø§ÙŠÙƒ ÙˆØ§Ø´ØªØ±Ø§Ùƒ,2024-09-18T16:25:35Z
@RidoyDas-b9r,Oh my good ğŸ˜®ğŸ˜®,2024-09-18T16:21:11Z
@RidoyDas-b9r,à¦“ à¦†à¦®à¦¾à¦° à¦ˆà¦¶à§à¦¬à¦° à¦à¦Ÿà¦¾ à¦•à¦¿ ğŸ˜®,2024-09-18T16:20:40Z
@SohagkhansohagSohagkhansoh-s8i,I love this video â¤â¤â¤,2024-09-18T16:14:16Z
@SheriSmith-ow3sl,TURN UP MR BEAST,2024-09-18T16:12:49Z
@samuelcadigal8373,"Mr Beast,,, i hope you can give me iphone thats my dream phoneğŸ™ğŸ™ğŸ™god Bless you and your TeamğŸ™ğŸ™ğŸ™",2024-09-18T16:10:38Z
@blackandwhitegamer9862,No one can beat Mrbeast,2024-09-18T15:42:43Z
@Swiftieditmaker,Knowing him his next video is gonna be climbing Mount Everest,2024-09-18T15:23:08Z
@Swiftieditmaker,Knowing him his next video is gonna be climbing mount Everest,2024-09-18T15:22:18Z
@DanFigurePlay,Roblox doors in real life,2024-09-18T15:19:34Z
@Cutebrothers1,Please gave me a car ğŸ˜“ğŸ˜¢ğŸ˜­,2024-09-18T14:45:32Z
@DanyellSkinnerCrier,mr beasty ohhhhhhhhhhhhhhhhhğŸ¤£ğŸ¤£ğŸ¤£ğŸ¤£ğŸ¤£,2024-09-18T14:34:30Z
@MizanurRahman-h3b,"Bro I watch your videos all the time, enjoy a lot, it is not possible for me to meet you, I also want to win a lot of money by playing like everyone else, I need some money can you help me in any way",2024-09-18T14:31:54Z
@asksbj6503,"I really need an S24 phone, I hope I will be one of those winners",2024-09-18T14:23:37Z
@MR-AI-g7l,MrBeast vs CristianoRonaldoğŸ˜®,2024-09-18T14:07:42Z
@ArhamHamid2015,I m your big fan I like your videos.I m 10 years old from Pakistan.,2024-09-18T14:02:22Z
@Jarina2055,Mr. Besh. Good,2024-09-18T14:01:12Z
@AbigailKnudson,You should bring your stuff to beeâ€™s market place,2024-09-18T13:58:53Z
@JuniDing,"Itu mempertaruhkan nyawa ğŸ˜¢
 








1:35",2024-09-18T13:24:04Z
@nguyenvanminh5037,"Next time hope you visit Son Doong cave in Vietnam, the biggest one in the worldâ¤â¤â¤",2024-09-18T13:18:24Z
@RakeshKumar-fv4uq,à¤®à¥à¤à¥‡à¥¤à¤†à¤ªà¥¤à¤•à¤¾à¥¤à¤µà¥€à¤¡à¤¿à¤¯à¥‹à¥¤à¤¬à¤¹à¥à¤¤à¥¤à¤…à¤šà¥à¤›à¤¾à¥¤à¤²à¤—à¤¤à¤¾à¥¤à¤¹à¥ˆà¥¤à¤œà¥‹à¥¤à¤ªà¥‚à¤°à¤¾à¥¤à¤¦à¤¿à¤¨à¥¤à¤”à¤°à¥¤à¤°à¤¾à¤¤à¥¤à¤¦à¥‡à¤–à¤¤à¥€à¥¤à¤¹à¥‚à¥¤à¤œà¤¬à¥¤à¤¸à¥‡à¥¤à¤†à¤ªà¥¤à¤•à¤¾à¥¤à¤µà¥€à¤¡à¤¿à¤¯à¥‹à¥¤à¤®à¤¿à¤²à¤¾à¥¤à¤¹à¥ˆà¥¤à¤¯à¥‡à¤¸à¥¤à¤¹à¥€à¥¤ à¤•à¤®à¤¾à¤²à¥¤à¤•à¤®à¤¾à¤²à¥¤à¤µà¥€à¤¡à¤¿à¤¯à¥‹à¥¤à¤¬à¤¨à¤¾à¤¤à¥‡à¥¤à¤°à¤¹à¥‹à¥¤à¤¬à¥‡à¤¸à¥à¤Ÿà¥‹à¥¤à¤ªà¥à¤²à¤¾à¤•â¤â¤â¤â¤â¤â¤â¤â¤â¤â¤â¤â¤â¤â¤,2024-09-18T12:25:28Z
@Bronxaus,Man that Ai voice is quite obvious ğŸ˜…,2024-09-18T12:24:12Z
@kentmartobatay1251,THE BEST VIDEO EVER MADE!,2024-09-18T12:18:54Z
@SaqeelaMehmood,Do 50 hours challenge in astola island,2024-09-18T11:34:44Z
@SaqeelaMehmood,IAM your best ğŸ˜¢ğŸ˜¢ subscriberğŸ˜¢ğŸ˜¢ğŸ˜¢,2024-09-18T11:33:17Z
@kavinduvidusha7821,I love that too much â¤,2024-09-18T10:36:13Z
@Crimmastercomedy,Bro this is very hard stunt and very dengar and I really enjoyed this video ğŸ‰ğŸ‰â¤â¤â¤,2024-09-18T10:35:21Z
@JaysonivlerjrQuilit,Yes mr beast ğŸ˜…ğŸ˜…,2024-09-18T10:30:25Z
@Ø§Ø­Ù…Ø¯Ø®Ø§Ù„Ø¯Ø¹Ø¨Ø¯Ø§Ù„Ø±Ø­Ù…Ù†-Øª5Ø¯,I dare you to spacewalk,2024-09-18T09:59:14Z
@lexisdramashow.312,"Get stranted in a haunted mansion for 1 week 
pls pick my idea it's always been a big hope for me",2024-09-18T09:20:15Z
@Aaffuukhan,That's great ğŸ˜ƒğŸ‘ğŸ»,2024-09-18T09:19:25Z
@GhulamShabbir-jn8tw,Mr beast 10k mana ap ko Subscribe keia hi,2024-09-18T09:12:07Z
@ìº í•‘-w3j,ì§„ì§œ ëŒ€ë°•ì´ë„¤ ê°œì¬ë°Œë‹¤,2024-09-18T09:00:08Z
@theashudube,Thanks for 48 Subscribers â¤ God bless you friends may your mom and dad live long enough to witness your success...ğŸ˜Œ,2024-09-18T08:20:00Z
@é‡æ¾¤çœŸäºº-w1r,ãƒŸã‚¹ã‚¿ã€œã³ã€œã™ã¨ã•ã‚“ã™ãã§ã™,2024-09-18T08:00:28Z
@maanomeemo,Mr Beast i want to meet you,2024-09-18T07:58:38Z
@ì•„ì‰ì•„ì‰ì•™-v7j,ì•„ë”° í•œêµ­ì–´ ìˆì–´ì„œ ì°¸ë§ë¡œ ì¬ë°Œë„¤,2024-09-18T07:41:43Z
@ì£³ì¦ˆíˆ°,"""ê·¸ë“¤ì€ ì˜í•˜ê³  ìˆì—ˆì–´.""",2024-09-18T07:19:18Z
@nildadesousa6375,I will never do this ğŸ˜®,2024-09-18T07:04:53Z
@mdniyamot3688,Mr Beast â¤give me some dollars,2024-09-18T06:52:21Z
@mdminnatullahansari5967,Pls MR beast you can help me i can very poor I am from india ğŸ˜¢ğŸ˜¢ğŸ˜¢ğŸ˜¢,2024-09-18T06:45:05Z
@claudializethlizarragajacq6009,Messi or ronalğŸ˜‚ğŸ˜…ğŸ˜®,2024-09-18T05:48:21Z
@JdHermogenes,They struggling but the camera man ğŸ˜‚ just chilling and the survivalist,2024-09-18T05:32:08Z
@Aadhi24gamer,Thanks for 50 subscribersâ¤,2024-09-18T05:21:43Z
@ê¹€ì¶˜íƒ-q9c,ìƒ·ì•„ì›ƒ to Day 6!!,2024-09-18T05:01:35Z
@Crazyanimeboy-i9g,24 hour in car,2024-09-18T04:46:55Z
@DangTrungNguyen1,TÃ´i lÃ  ngÆ°á»i Ä‘áº§u tiÃªn cháº¯c xem háº¿t má»i clip anh áº¥y.,2024-09-18T04:13:55Z
@joannapatra7431,"With my anxiety and panic attacks... it's a big fat nooooo from me ...
But i would love to try the 100 day challenge â¤",2024-09-18T03:58:31Z
@matthewmendez4171,I have a good idea for the next video. Survive 100 days in a space station located on the outer atmosphere of the planet ğŸ˜‚ğŸ˜‚ğŸ˜‚,2024-09-18T03:21:08Z
@rorybear3332,"""Who needs a hair dryer when you have a drone""
Me: literally drying my hair with my fan",2024-09-18T03:18:55Z
@charlesalexandrepreissler5023,Muito fÃ£ seu venho humildemente te pedir uma oportunidade,2024-09-18T03:01:45Z
@Kashifali-xx7cj,Nice ğŸ‰â¤â¤â¤â¤,2024-09-18T02:53:03Z
@geriadrian5819,Mr.beand . I LOVE YOU . I INDONESIA,2024-09-18T02:51:37Z
@ThomasBates-h9f,"We, you got, I know, Mr. Beast. You guys should do an extreme obstacle course. The extreme well, one in the world",2024-09-18T02:17:48Z
@ThomasBates-h9f,Mr. Beast. I'm your biggest thing yesterday. I ate your dark chocolate like my favorite.You're so cool,2024-09-18T02:04:21Z
@Tahmid1hkkbgjnfvj,Cr7 are goingğŸ˜ŠğŸ˜ŠğŸ˜Š,2024-09-18T01:31:35Z
@balvikber3054,"Ğ‘Ğ«Ğ›Ğ Ğ‘Ğ« Ğ˜ĞĞ¢Ğ•Ğ Ğ•Ğ¡ĞĞ Ğ’Ğ—Ğ¯Ğ¢Ğ¬ ĞŸĞ ĞĞ”ĞĞĞœĞ£ Ğ§Ğ•Ğ›ĞĞ’Ğ•ĞšĞ£ Ğ˜Ğ— Ğ ĞĞ—ĞĞ«Ğ¥ Ğ¡Ğ¢Ğ ĞĞ Ğ˜ Ğ¡Ğ”Ğ•Ğ›ĞĞ¢Ğ¬ Ğ§Ğ¢Ğ-Ğ¢Ğ Ğ’Ğ ĞĞ”Ğ• Ğ¡Ğ•Ğ Ğ˜ĞĞ›Ğ ""ĞĞ¡Ğ¢ĞĞ¢Ğ¬Ğ¡Ğ¯ Ğ’ Ğ–Ğ˜Ğ’Ğ«Ğ¥"" ĞĞ ĞĞ¡Ğ¢Ğ ĞĞ’Ğ• ğŸ˜‚ ĞŸĞĞ”Ğ£ĞœĞĞ™ Ğ‘Ğ ĞĞ¢",2024-09-18T01:18:15Z
@Dagon-h2q,Karl is very special,2024-09-18T01:09:04Z
@RicardoEloyFuentesFernandez,Mr beast the bestâ¤â¤ğŸ˜Š,2024-09-18T00:55:55Z
@freaktaldj,"WE, PORTUGUESE PEOPLE NEED YOUR HELP! WE ARE IN FIRE SINCE ONE WEEK AGO AND IN A LOT OF CITIES OF NORTH ğŸ‡µğŸ‡¹. PLEASE DO WHAT YOU KNOW HOW TO DO, HELP PEOPLE ğŸ˜­",2024-09-18T00:45:16Z
@KIKO-n6m,Nah dont tell me mr beast became a cave man ğŸ˜…,2024-09-18T00:17:17Z
@GoldenWheel-ed9tr,Survive in a tree house for a year,2024-09-18T00:00:04Z
@ZachPondexter-d8n,Hey mrbeast I'm a really big fan and I know you live in America so I want to wish you could come bring me and my family a Lamborghini,2024-09-17T23:39:26Z
@Tanaz-dw9rk,"Hi
Dear mr beast I actually watch your videos
You are amazing but I'm from Iran and I need translation 
So I watch your video from porya west channel 
I'm not good at English but I think you know what did I say 
Thank you",2024-09-17T22:50:10Z
@vpnn-tt6ty,J'adore t'es vidÃ©os,2024-09-17T22:34:30Z
@bruno-qc7zm,"this man makes everything, toys, videos and challenges literally everything",2024-09-17T22:28:38Z
@EliCamox,Hola Mr beast soy tu fan â¤ğŸ˜Š,2024-09-17T21:57:41Z
@marilenemendes190,Eu gosto dos seus vÃ­deos ğŸ‡§ğŸ‡·,2024-09-17T21:56:48Z
@LamakkaLyles-l3d,only ppl who love mrbeast they will like this commet,2024-09-17T21:17:35Z
@Manu.et.,Denle un laik,2024-09-17T21:16:04Z
@MarissaBlinder,"Oh, I forgot to tell you that I am subscribed and I tried your new chocolate bar I also tried Karlâ€™s gummyâ€˜s",2024-09-17T21:01:34Z
@MarissaBlinder,"MrBeast, I think you should try surviving in the woods and by the way youâ€™re the best YouTuber ever",2024-09-17T20:59:36Z
@BrezhnevReotshepileLeonidJowah,"If seen Mr beasts videos , there so cool , if I was in one with my friends, I wouldn't care about the money",2024-09-17T20:40:36Z
@meerahussain321,"@mrbeast
 I want to be in your show.....take me or just wanna meet you before I die >> Greatest Fan of all time",2024-09-17T20:33:04Z
@DavidionutClaici,cave! Carl: CAAAAAAVEEE! JIMMY:CAVE! CARL:CAAAAAAAVEEE,2024-09-17T20:20:31Z
@Ğ Ñ‹Ñ-Ñ6Ñ‰,Minecraft Real lifeğŸ˜‚ğŸ˜‚,2024-09-17T20:04:44Z
@SamsuddinMistry-oo6dw,MrBeast next challenge me please sir,2024-09-17T20:00:32Z
@marimendez5532,Por favor lleva fistabols a mexicoğŸ˜Š,2024-09-17T19:53:30Z
@HanaSalimi-su3lx,CR7=#1ğŸ¥‡,2024-09-17T19:46:09Z
@Matiases.,17:29 amo esa melodia,2024-09-17T18:55:23Z
@PratigyaOliya,Your content is good,2024-09-17T18:53:57Z
@Meyuume,Love chandler. â¤,2024-09-17T18:24:41Z
@DorraHamrouni-m1u,Who is your favorit mr beast'members,2024-09-17T18:20:31Z
@CamilaMorales-ef7gv,Quiero salir en un video,2024-09-17T18:04:38Z
@TOXIC-PLAYZ-0001,Thanks for 565 subscribers,2024-09-17T17:36:47Z
@ShithilAhmed-l5f,Jimmy came to Bangladesh.,2024-09-17T17:26:41Z
@ChristianjrBiyeghe,hello lister beast,2024-09-17T17:17:58Z
@FAK-e3w,"Mr. Twenty, I am here. Choose me, whatever challenge I am, you will see that I will win",2024-09-17T16:29:19Z
@No1-u3c,Very nice you mrbeast,2024-09-17T15:57:47Z
@No1-u3c,Good you're videos,2024-09-17T15:57:27Z
@kahramankeser8698,100.000 bmw'de hayatta kalÄ±r 6:20 ğŸ˜ŠğŸ˜Šâ¤,2024-09-17T15:53:12Z
@CRAZYSALMAN310,India love you like now,2024-09-17T15:51:24Z
@cristiano.rorando-e1y,â¤â¤ veri nise,2024-09-17T15:41:21Z
@pheonix1993,Pls give my mom some money she got in a wreck a few weeks ago but she doesnâ€™t have enough money to fix her car pls,2024-09-17T15:39:01Z
@fatinamarug5636,Jimmy you shoude of brought mark rober,2024-09-17T15:35:21Z
@Rachel_Laker,me playing minecraft...,2024-09-17T15:20:28Z
@meenakshidhiman9312,cr7 is here,2024-09-17T15:07:38Z
@PawanBhaiya7,I am big fan â¤â¤â¤â¤â¤,2024-09-17T14:57:38Z
@TimelessLifeLessons,"Amazing , Enjoy watching. â¤ğŸ˜",2024-09-17T14:57:02Z
@uttarakhandigaming2034,Your video is very very very amazing ğŸ˜Š i am fen for you plz help me,2024-09-17T14:56:08Z
@FHFHFHFHCBC-l1m,Ğ Ğ² Ğ´ĞµÑ‚ÑĞºĞ¾Ğ¼ Ğ¼Ğ¸Ñ€Ğµ ĞµÑÑ‚ÑŒ Ñ‚Ğ²Ğ¾Ğ¸ Ğ¸Ğ³Ñ€Ğ°ÑˆĞºĞ¸? ğŸ˜Š,2024-09-17T14:38:43Z
@HusenVahaluwala,I am like your video I like your videos â¤â¤â¤,2024-09-17T14:28:27Z
@youmiyoumi4368,"When u are sleeping in the bed u guys look like cocoons 
9:45",2024-09-17T13:51:29Z
@SanjidakhanKhan-j3n,Assalamualaikum Mr beast... please help me ...I am Bangladesh girl .I am poor girl,2024-09-17T13:46:12Z
@CrazyChannel.c,Maybe buy for me minecoins in Minecraft,2024-09-17T13:09:50Z
@ignasredeckas7266,Make a shop with feasteables in Lithuania,2024-09-17T13:00:39Z
@Kno86-m6z,ğŸ˜‚ğŸ‰ğŸ˜®,2024-09-17T12:53:00Z
@Dracula-w1r,MrBeast please give me 1 iphone i am your oldest subscriber,2024-09-17T12:46:50Z
@Sapana7777,AwesomeğŸ‘ŒğŸ”¥,2024-09-17T12:44:33Z
@LevioFebrylian,My From Indonesia=aku dari Indonesia,2024-09-17T12:39:19Z
@SweeteFreez,"I have a new idea for YouTube content that you and many of my followers will like. It is to visit Iraq, especially Karbala (Imam Hussein + Imam Abbas) and Najaf (Imam Ali), peace be upon them. I am sure that you will love this very much and will repeat it again because it is a place where all your worries will disappear and you will feel psychologically comfortable there. Your follower from Iraq",2024-09-17T12:33:44Z
@Gaam1771,Ğ¯ ĞĞ‘ĞĞ–ĞĞ® Ğ¢Ğ•Ğ‘Ğ¯ ĞœĞ˜Ğ¡Ğ¡Ğ¢Ğ•Ğ  Ğ‘Ğ˜Ğ¡Ğ¢!!!,2024-09-17T12:17:47Z
@kshitijgamerrock5486,feastables and toys',2024-09-17T12:17:17Z
@kshitijgamerrock5486,pls can you available them in India also,2024-09-17T12:16:54Z
@KamleshShah-ms4lz,Selection me please Mr beast,2024-09-17T12:06:16Z
@BLACK__ff184,Thanks for 7 subscribers ğŸ˜‚,2024-09-17T11:36:54Z
@EYmayargamingYT,you are super crazy,2024-09-17T11:25:36Z
@NHAKHMER84,Æ¯á»›c anh qua viá»‡t nam Ä‘á»ƒ lÃ m video khÃ¡m phÃ¡ viá»‡t nam ğŸ‰â¤â¤â¤,2024-09-17T10:52:55Z
@PratamaArsya-m2j,"Bro, is it sold in Indonesia?",2024-09-17T09:54:55Z
@cookshook1988,#Delicious food by Yasmeen,2024-09-17T09:45:12Z
@ROBBIN.bicycle.kick.master,I know survive In The Ocean with 10 giant sharks and we'll see if you survive or not,2024-09-17T09:29:23Z
@Unknown-l9e1u,"I heard you visited my home country, New Zealand?",2024-09-17T09:25:37Z
@PhonLin-xv8ut,"Hello, I am from Cambodia, I want to respect you all.ğŸ‡°ğŸ‡­",2024-09-17T09:25:12Z
@nannyanen-WWW,Please buy a Tesla Model S Plaid for me.,2024-09-17T09:07:35Z
@ãƒŠãƒƒãƒ—ãƒ«,I like Mr beast and I like the way he looks at me and I like him and,2024-09-17T08:49:57Z
@aprilbacalso621,This is the coolest one ğŸ˜Š,2024-09-17T08:29:34Z
@Hshmea-2008,Ù„Ø§ÙˆÙ„ Ù…Ø±Ù‡ Ø§Ø­Ø¨ ÙŠÙˆØªÙŠÙˆØ¨Ø± Ø§Ø¬Ù†Ø¨ÙŠâ¤,2024-09-17T08:18:10Z
@Adrixzcool,Was there actually a risk of death?,2024-09-17T08:14:56Z
@SONU_B333,aaj mera birthday hai lekin zero subscriber hai,2024-09-17T08:14:32Z
@jackskrill2483,"so the toys r like the og trash pack how u put them in water, except this one u put the water in the tube, kinda cool",2024-09-17T08:11:10Z
@MANERNIN,Next video: Try to contain yourself for 5 minutes in a playground,2024-09-17T07:58:40Z
@yusron9615,Kameramen selalu selamat,2024-09-17T07:54:33Z
@PhetogoMothapo,Mr beast I am a gamer and I have a bad phone I would highly appreciate it if you could buy me a phone,2024-09-17T07:48:53Z
@Gaming_x0ne,Yoloâ¤,2024-09-17T06:01:53Z
@Mitt_khs,I wanna see the behind the scenes for cameraman cus this is crazy,2024-09-17T05:14:57Z
@ĞĞ»Ğ¸Ñ…Ğ°Ğ½Ğ•Ñ€Ğ¼ĞµĞºĞ¾Ğ²-Ğ±1Ğ·,ĞœĞ¸ÑÑ‚Ñ€ Ğ±Ğ¸ÑÑ‚,2024-09-17T04:48:11Z
@mubeenshoozeb5869,ilove mrbeast,2024-09-17T04:33:30Z
@BabluMolla-h1k,Hi mistar deast ami apnar  video  sop ami dakha Amar  valo Laga iâ¤u  mistar deast,2024-09-17T04:23:39Z
@Rajneesh_patel_tractor,Super broğŸ‘ğŸ‘,2024-09-17T04:04:09Z
@asifkhan-so2zt,I miss You Mr Beast,2024-09-17T03:08:46Z
@ahsanaconstruction8905,7 days in a abandoned hospital â¤â¤â¤,2024-09-17T03:08:31Z
@BhaktiDarji.,I want to be in your video ğŸ¥¹,2024-09-17T03:03:28Z
@Aryanyadav95996,Mr Beast please go to Mount Everestâ¤ ğŸ¥‡ğŸ–ï¸ğŸ…,2024-09-17T03:01:55Z
@Noctcx,How they popğŸ¤£,2024-09-17T02:40:57Z
@tolistor3916,"Jemmy sir I see you from Bangladesh, I want to join your game there.",2024-09-17T02:19:29Z
@ElSecrolaS,Cr7 el mejor siiiiuuuuu,2024-09-17T02:11:01Z
@josseverdezoto1313,"It would be interesting to see a video by Mr. Beast where he does one of the special tests from 'Classroom of the Elite,' specifically the test that took place on the cruise. The paper would break down how the participants think.",2024-09-17T02:00:45Z
@amandapereira9546,Surgimento 100 days on ocean,2024-09-17T01:50:26Z
@linamrai3308,I'm poor man from Nepal ğŸ˜¢ğŸ˜¢ğŸ˜¢ğŸ˜¢ğŸ˜¢ğŸ˜¢ğŸ˜¢ğŸ˜¢,2024-09-17T01:26:46Z
@MariaAparecida-cy3qb,"I love Mr beast tubos prime 

I love love love love love Mr beas",2024-09-17T01:25:09Z
@danielelopes8522,ğŸ‡§ğŸ‡· â¤,2024-09-17T01:02:24Z
@ì§„í›ˆì´-m5h,"ì•ì´ ì•ˆë³´ì´ëŠ” ë™êµ´ì„ íƒí—˜í•˜ë“¯
ìš°ë¦¬ ì¸ìƒë„ ë¹„ìŠ·í•˜ê±°ë‚˜ ë˜‘ê°™ì„ë“¯.
ëê¹Œì§€ ê°€ë´…ì‹œë‹¤.ğŸ˜Š",2024-09-17T00:47:47Z
@Athena_Cabin13,The way Carl was saying â€œCa*voice crack*VEâ€ while the camera was slowly zooming in on him got me dying ğŸ˜‚,2024-09-17T00:45:21Z
@samirajesus6190,MrBeast eres el mejor â¤â¤,2024-09-17T00:23:51Z
@mbamchibuikejoel8469,This is crazy ğŸ˜§ğŸ˜§ but seems fun to me ğŸ˜…ğŸ˜…ğŸ˜…,2024-09-17T00:02:51Z
@Piper651,"â¤â¤â¤â¤â¤â¤â¤
I love your vids but I don't think that was the scariest thing you done before ğŸ˜…ğŸ˜…
This stress me out",2024-09-16T23:25:16Z
@USDan,Bro did any of you hear how Carl said caveğŸ˜‚,2024-09-16T23:17:57Z
@evelingarcia5984,Hola mr beast me gustan tus chocolates estas ricos tienen un sabor ricoâ¤ğŸ˜Š,2024-09-16T23:07:50Z
@Thedramasisters-f1h,I am eating the Original chocolate feastable ğŸ˜‚ğŸ˜…ğŸ‰â¤,2024-09-16T22:49:13Z
@Ø¨Ù†ÛŒØ§Ù…ÛŒÙ†Ø¬Ù…Ø§Ù„ÛŒÙ¾ÙˆØ¯ÛŒÙ†Ù‡,Ù„Ø·ÙØ£ Ø²ÛŒØ±Ù†ÙˆÛŒØ³ ÙØ§Ø±Ø³ÛŒ Ø±Ø§ Ø§Ø¶Ø§ÙÙ‡ Ú©Ù†ÛŒØ¯ â¤,2024-09-16T22:26:48Z
@franciscopuigmorales6426,"Come on people lets get to 400,000,000",2024-09-16T22:08:57Z
@Abachajr,"Mr beast I'm from Nigeria, I want to be amongst your crew..",2024-09-16T22:02:22Z
@wendyidelfonso1526,eu sou o Ãºnico brasileiro desse vÃ­deo,2024-09-16T21:56:28Z
@JackletscopexD,Thanks for exploring all the biomes! You should do the Trial Chambers next!,2024-09-16T21:35:26Z
@EsliAvina,EstÃ¡ en gualmar dime por favor mistervis ğŸ’™â¤ï¸ğŸ–¤ te quiero mucho,2024-09-16T21:12:15Z
@BenOconnor-zb9jl,I bought the MrBeast toy,2024-09-16T21:10:25Z
@Teddy_the_gammerrr,This looks super scary,2024-09-16T21:09:15Z
@SayutiPang,i love you à¸¡à¸´à¸ªà¹€à¸•à¸­à¸£à¹Œà¸šà¸µà¸™ â¤ğŸ™ğŸ‡¹ğŸ‡­,2024-09-16T20:35:10Z
@axqshotsla,Pls don't eat me old man ğŸ˜­,2024-09-16T20:27:23Z
@anwarbacha5196,Carzy guys but love,2024-09-16T20:21:20Z
@GhostOfficial-w8r,Joel looks like Nolan?,2024-09-16T20:20:58Z
@dreamlab33,Shoutout for the smores idea?,2024-09-16T20:15:14Z
@Ninjaking324,ğŸœStaying in a desert ğŸ˜…,2024-09-16T20:01:35Z
@andjnajoesph,MrBeast if you see this can you please make me a rap artist and I am good at making music please if you see this please make it come trueğŸ¥ºğŸ™,2024-09-16T19:38:16Z
@BesthindistoriesTv_83,Thanks for 10 subscribers,2024-09-16T19:35:00Z
@romanyassad-q1e,Ø§Ù†Ø§ Ù…Ù† Ù…ØµØ± ÙˆØ§Ø±ÙŠØ¯ Ø§Ù† Ø§Ø´Ø§Ø±Ùƒ ÙÙŠ ÙÙŠØ¯ÙŠÙˆÙ‡Ø§ØªÙƒ Ø§Ø±Ø¬ÙˆÙƒğŸ˜¢ğŸ˜¢,2024-09-16T19:01:04Z
@andreeasandulescu2219,you should do minecraft,2024-09-16T18:40:12Z
@Astroexl,Hi mr beast my sister broke my phone and my tv so basically my dream is over in being a content creator,2024-09-16T18:36:53Z
@Rqndomasf,Bro is in minecraft,2024-09-16T18:17:01Z
@Noah-curran1234,W camera man heâ€™s so brave mvp of the vid,2024-09-16T18:11:29Z
@JetLagRecords,"MrBeast, Dude, your videos are fire. Wanna collab?",2024-09-16T18:08:26Z
@Factorehanofficial505,OoooğŸ˜®ğŸ˜®ğŸ˜®ğŸ‰ğŸ‰,2024-09-16T17:56:28Z
@Skill-e7h,Mrbeast top. Iâ€™m from Russia,2024-09-16T17:50:34Z
@BijayMandal876,Thanks for 50 subscriber completedğŸ‰ğŸ‰,2024-09-16T17:48:22Z
@ankkitray27,try Mount Everest trek I'm sure you gonna love that for lifetime,2024-09-16T17:32:14Z
@AllAboutHollywoodStar1,"This man is crazy, I think he will soon go to Mars to shoot new videos, I will wait)",2024-09-16T17:30:48Z
@denisedawkins7227,I canâ€™t eat because Iâ€™m allergic to nuts and stuff your stuff have nuts in itğŸ˜…ğŸ˜…ğŸ˜…ğŸ˜…ğŸ˜…ğŸ˜…ğŸ˜… 10:14,2024-09-16T17:30:44Z
@Ğ•Ğ²Ğ³ĞµĞ½Ğ¸Ğ¹Ğ“Ğ¾Ğ½Ñ‡Ğ°Ñ€Ğ¾Ğ²-Ñ9Ğ¿,ĞœĞ¸ÑÑ‚ĞµÑ€ Ğ‘Ğ¸ÑÑ‚ ÑˆĞ¾ĞºĞ¾Ğ»Ğ°Ğ´ Ğ¾Ñ‡ĞµĞ½ÑŒ Ğ²ĞºÑƒÑĞ½Ñ‹Ğ¹,2024-09-16T17:13:33Z
@Ğ•Ğ²Ğ³ĞµĞ½Ğ¸Ğ¹Ğ“Ğ¾Ğ½Ñ‡Ğ°Ñ€Ğ¾Ğ²-Ñ9Ğ¿,ĞœĞ¸ÑÑ‚ĞµÑ€ Beast ÑˆĞ¾ĞºĞ¾Ğ»Ğ°Ğ´ Ğ¾Ñ‡ĞµĞ½ÑŒ Ğ²ĞºÑƒÑĞ½Ñ‹Ğ¹,2024-09-16T17:13:20Z
@thunyuugamefreefire,à¸ªà¸§à¸±à¸ªà¸”à¸µà¸„à¸£à¸±à¸šà¸œà¸¡ à¸ªà¸¸à¸”à¸¢à¸­à¸”à¹„à¸›à¹€à¸¥à¸¢à¸„à¸£à¸±à¸šğŸ‰ğŸ‰ğŸ‰,2024-09-16T16:54:32Z
@Sreedipsarkar971,$1 camera man ğŸ†š $100000000  camera man,2024-09-16T16:37:57Z
@soumilyadav5600,Sup man,2024-09-16T15:54:47Z
@dinmohammadtahsin2009,Always live new experiences...jimmy,2024-09-16T15:52:59Z
@Sandra-dy9tv,â¤â¤â¤â¤â¤â¤â¤â¤â¤â¤â¤â¤â¤â¤â¤â¤â¤â¤â¤â¤â¤â¤â¤â¤â¤â¤â¤â¤â¤â¤â¤â¤â¤â¤â¤ğŸ˜‚ğŸ˜®ğŸ˜®ğŸ˜®ğŸ˜®ğŸ˜®,2024-09-16T15:41:45Z
@Sandra-dy9tv,â¤â¤â¤â¤ğŸ˜®ğŸ˜®,2024-09-16T15:41:24Z
@pxyte,If you can doo then do in the world biggest mountain in Nepal mt everest,2024-09-16T15:29:20Z
@Ksenia_Nemo-Vern,"I bought this toy!!! I didn't know they were in Germany, I was pleasantly surprised",2024-09-16T15:22:00Z
@luziacontin2562,Ele pressisa parar de arriscar a vida,2024-09-16T15:20:33Z
@BrettJunior,Its now time to do challenge for moonğŸ˜¢ğŸ˜¢ğŸ˜¢ğŸ˜¢,2024-09-16T14:39:31Z
@Universalvibe-m5t,Thanks for 500 subcribers,2024-09-16T14:32:58Z
@shantiPoudel-j3l,Mister best I am from Nepal please come to my home,2024-09-16T14:21:59Z
@yourlocalfusionwolf,"Ello Jimmy, love ya chocolate.
Cheers from Australia!",2024-09-16T14:13:37Z
@Ø¨ÙˆØ¹Ù„Ø§Ù…Ø¬Ø±Ù…Ø§Ù†ÙŠ,Ø£Ø­Ø¨Ùƒ,2024-09-16T14:08:46Z
@ytchhetrivlog2694,Big fan sir from Nepal,2024-09-16T13:34:29Z
@mayamalherbe,That cliff jump was not 30 ft,2024-09-16T13:07:55Z
@AlitaNisa-y5f,100rb itu absenâ¤,2024-09-16T13:00:40Z
@symphonyi8540,I am your random subscriber in Bangladesh,2024-09-16T12:49:46Z
@symphonyi8540,I am your biggest friend,2024-09-16T12:48:35Z
@Ğ Ğ°Ğ¼ÑˆĞµĞ´Ğ˜Ğ±Ñ€Ğ¾Ğ³Ğ¸Ğ¼Ğ¾Ğ²Ğ°,ĞœĞ¸ÑÑ‚ĞµÑ€ Ğ±Ğ¸ÑÑ‚ Ñ‚ĞµĞ±Ñ Ñ…Ğ¾Ñ‡ĞµÑ‚ Ğ¾Ğ±Ğ¾Ğ³Ğ½Ğ°Ñ‚ÑŒ Ğ Ğ¾Ğ½Ğ°Ğ»Ğ´ÑƒğŸ˜¢ğŸ˜¢ğŸ˜¢ğŸ˜¢ğŸ˜¢ğŸ˜¢ğŸ˜¢ğŸ˜¢ğŸ˜¢ğŸ˜¢ğŸ˜¢,2024-09-16T12:39:03Z
@sawonking-c3n,Mr. Beast will gift me an iphone 15 I am very poorğŸ˜¢ğŸ˜¢ğŸ˜¢,2024-09-16T12:29:11Z
@cuppaclipsdaily,Great to see Mack,2024-09-16T12:12:40Z
@hakdogmani6725,Im a freshmen BSIT and sadly i dont have a device to start practicing programming i hope mr beast can help me buy a laptopğŸ˜¢,2024-09-16T12:02:35Z
@YusefAbaza-n6e,Mr. Peace I would like to take my challenges with you in videos please,2024-09-16T11:55:31Z
@siswoboys7791,12:18 WATER MLG,2024-09-16T11:40:50Z
@Gamera-brachio,Mrbeast ğŸ‘ğŸ‘ğŸ‘ğŸ‘,2024-09-16T11:38:16Z
@camilacristal2919,I want to participate in your videos,2024-09-16T11:06:00Z
@afifaafsheenmaryam484,à¦†à¦®à¦¿ à¦†à¦ªà¦¨à¦¾à¦° (big fan)  à¦¸à¦¾à¦¬à¦¸à¦•à§à¦°à¦¾à¦‡à¦¬à¦¾à¦°à¥¤,2024-09-16T10:48:47Z
@afifaafsheenmaryam484,"Mr beast à¦†à¦®à¦¿ à¦à¦•à¦œà¦¨ à¦¬à¦¾à¦‚à¦²à¦¾à¦¦à§‡à¦¶à¦¿ à¥¤       
 à¦†à¦®à¦¾à¦•à§‡ à¦à¦•à¦Ÿà¦¿  à¦¬à¦¾à§œà¦¿ à¦“ à¦à¦•à¦Ÿà¦¿  à¦—à¦¾à§œà¦¿ à¦¦à¦¾à¦¨         
à¦•à¦°à§à¦¨à¥¤ à¦†à¦ªà¦¨à¦¾à¦° à¦®à¦¨ à¦–à§à¦¬ à¦­à¦¾à¦²à§‹à¥¤   (thankyo)         ashraful 
Bangladesh : Dhaka, rampura.",2024-09-16T10:45:21Z
@RehanSiddiqui,Very good one God bless you,2024-09-16T10:44:42Z
@joshuallamedo3809,Maybe mrbeast does a squid game in roblox,2024-09-16T10:29:51Z
@seancordova2507,Taths incredible,2024-09-16T10:14:15Z
@AbdulaButtButt,IloveMrBeastğŸ˜‚ğŸ˜‚ğŸ˜ŠğŸ˜ŠğŸ˜ŠğŸ˜Š,2024-09-16T10:02:22Z
@sumongazi-g7r,Pls called Bangladesh people to your show and then lucky man choic to meğŸ‰,2024-09-16T09:30:49Z
@Genghiz1182,4:18 making a campfire in a cave is a very bad idea it can cause the entire cave to collapse,2024-09-16T09:17:46Z
@izhmmcikk,"Mr beast I really like your video I watch your videos every day but over time my cellphone starts to break. Will I get the Samsung S24 giveaway? so I can still watch your videos, thank you, Mr Beast",2024-09-16T08:48:42Z
@dycrafts-oy4jc,"Good and strange forever, brother",2024-09-16T08:42:48Z
@TadeleTerefe-q5y,Survive 7 day's in the middle of a desert,2024-09-16T08:22:24Z
@Haiderbinnisar,ğŸ™‚â˜ºï¸ğŸ˜ŠğŸ˜Š,2024-09-16T08:22:10Z
@LuizYankeeDevonLuizReyes,Is your Camera Waterproof?,2024-09-16T08:18:57Z
@kabitaadhikari6003,I watched two times i.e. amazing,2024-09-16T07:43:51Z
@VedarTake777,391 subscribe complete  thanks for all Friends,2024-09-16T07:37:16Z
@ĞÑ€Ñ‚ĞµĞ¼ĞœĞ°Ñ€ĞºĞ¾Ğ½Ğ¸,"Mister Beast. rent a whole stadium, fill it with hamsters or cacti that repeat a personâ€™s voice and ask a good singer to sing queen, uh, yo. If you like my idea, please send thousands of dollars to my mother for the operation. You're cool, good luck.",2024-09-16T07:19:35Z
@KolponaakterKolpona-qf7tl,Mrbeast please give me 10k dollar ğŸ’µğŸ˜‚ğŸ˜‚ğŸ˜‚,2024-09-16T06:31:44Z
@alanasyamissa,i cant find the toy in indonesia,2024-09-16T04:55:33Z
@johnmicheal-o9l,"role model of all youtubers over the world, stay save man",2024-09-16T04:41:31Z
@Electro-F70PX,Mr beast rizz Mr beast ğŸ¤‘ğŸ¤‘ğŸ¤‘,2024-09-16T04:10:07Z
@benymilongo3,Câ€™est vraiment dingue mecğŸ˜®,2024-09-16T03:44:39Z
@davidandresuppo7761,I enjoyed this video. For real. Nice job!,2024-09-16T03:31:54Z
@Ù‡Ø¨Ø©Ø§Ù„Ø±Ø­Ù…Ø§Ù†-Ù3ÙŠ,ÙƒÙ„ÙŠ Ø§Ù„ÙÙŠØ¯ÙŠÙˆÚ¾Ø§Øª Ø¬Ù…ÙŠÙ„ Ù…Ø³ØªØ±Ø¨ÙŠØ³Øª,2024-09-16T03:14:16Z
@brutodiversoes,Mr Beast Muito melhor que Cr7,2024-09-16T03:11:49Z
@tancaominh68,"In the near future, I hope your group can go to â€œSon Doong Cave (the worldâ€™s largest cave) in Vietnamâ€ and other famous places in Vietnam to experience. I am sure you will have the most wonderful experience of the landscape, culture and hospitality that Vietnamese people have for international tourists (especially your group). I and 100 million Vietnamese people will support and wait to welcome you to Vietnam.",2024-09-16T03:11:41Z
@RicoMccleese23,Fun fact Mack is allergic to festables so when they were eating smores he was eating marshmallows,2024-09-16T03:11:02Z
@mohammedmahmood2678,My dad just got me feast stables,2024-09-16T02:52:16Z
@elisaayuares2799,Ere en mejor YouTube de mundo,2024-09-16T02:33:58Z
@Rizmex,Itu benar-benar gila banget,2024-09-16T02:28:20Z
@orimaschneider6555,His awesome ğŸ˜Š,2024-09-16T02:19:25Z
@Athena-m1r,"First one to finish there food wins and gets 20,0000 dollars and a tesla",2024-09-16T02:03:43Z
@RavidKauan-j8e,Cara vocÃª Ã©  o melhor,2024-09-16T02:01:09Z
@junioessononguema964,I like you Mr Beastâ¤ and I love all your videos.,2024-09-16T01:55:53Z
@user-yn9kd7np2q,mr beast this might be a werid question but could you make festables in a diffrent factorie as the nut one please and thank u,2024-09-16T01:22:44Z
@antoniomarcossantos7569,Vem ao Brasil ğŸ‡§ğŸ‡·ğŸ‡§ğŸ‡·ğŸ‡§ğŸ‡·ğŸ‡§ğŸ‡·ğŸ‡§ğŸ‡·ğŸ‡§ğŸ‡·ğŸ‡§ğŸ‡·ğŸ‡§ğŸ‡·ğŸ‡§ğŸ‡·ğŸ‡§ğŸ‡·ğŸ‡§ğŸ‡·ğŸ‡§ğŸ‡·ğŸ‡§ğŸ‡·ğŸ‡§ğŸ‡·ğŸ‡§ğŸ‡·ğŸ‡§ğŸ‡·ğŸ‡§ğŸ‡·ğŸ‡§ğŸ‡·ğŸ‡§ğŸ‡·ğŸ‡§ğŸ‡·ğŸ‡§ğŸ‡·ğŸ‡§ğŸ‡·ğŸ‡§ğŸ‡·ğŸ‡§ğŸ‡·ğŸ‡§ğŸ‡·ğŸ‡§ğŸ‡·ğŸ‡§ğŸ‡·ğŸ‡§ğŸ‡·,2024-09-16T00:59:23Z
@Alexander-yy5lt,Soy pobre ğŸ˜¢,2024-09-16T00:47:17Z
@Alexander-yy5lt,Soy pobreğŸ˜¢,2024-09-16T00:46:37Z
@EmilyPriddle,In an abandoned haunted mansionğŸ˜®ğŸ˜®ğŸ˜®,2024-09-16T00:38:19Z
@SatioSurya,Coba saja seratus hari,2024-09-16T00:10:52Z
@evadabrowski7238,You are so crazy,2024-09-15T23:53:34Z
@jaykim3228,ë¯¸ìŠ¤í„°ë¹„ìŠ¤íŠ¸ ì¥ë‚œê° ê°–ê³ ì‹¶ë‹¤.ğŸ˜Š,2024-09-15T23:44:04Z
@MartinHanrahan-t7k,Please put me in a challenge,2024-09-15T23:32:35Z
@SliME-Dope,Jimmy's grandkids will be set for life with stories,2024-09-15T23:07:56Z
@RitaNewYork,Can I buy your pet toy in target? ğŸ˜…,2024-09-15T23:05:41Z
@Fefe-ye8kb,O Mister Beast eu quero fazer parte do desafio de 1 a 100 anos,2024-09-15T23:02:26Z
@DuckWithLuck-sd1sq,Why Mr.beast always start spitting some emotional stuff at the end of his videos. ğŸ˜¢ 16:25,2024-09-15T22:43:44Z
@lobeznolobo3356,El camarÃ³grafo: ğŸ˜ƒğŸ‘,2024-09-15T22:42:14Z
@Bobby6969-us9fr,Kalian kerennnn sihğŸ’ªğŸ¼ğŸ”¥ğŸ”¥,2024-09-15T22:32:08Z
@ManualidadesSHADEYR911,"Hello, Mister Beast, I know you help other people. But I ask for your help to be able to buy a little house. I lost my job and my craft business is not enough for me. We are in a bad situation where I live.",2024-09-15T22:20:12Z
@ArthurGabriel-o3i,ğŸ˜ğŸ˜,2024-09-15T21:57:05Z
@MynameMostexp,Nice caveğŸ˜Š,2024-09-15T21:28:34Z
@Alex_andros6,IT'S AMAZING !!! Thank you very much ! CONGRATULATIONS !!!ğŸ™ğŸ»ğŸ•Šï¸â¤ï¸ğŸ˜ğŸ˜ğŸ¤©ğŸ¥°ğŸ’ªğŸ’ªğŸ’ªğŸ’ªğŸ’ªğŸ‘ğŸ‘ŒğŸ‘ŒğŸ‘ŒğŸ‘ŒğŸ‘ğŸ‘ğŸ‘,2024-09-15T21:27:33Z
@NieceyyPoohh,you should buy out everything in one of the samâ€™s clubs near you for the next vidğŸ”¥ğŸ˜®â€ğŸ’¨,2024-09-15T21:19:28Z
@shayannasiri-g7v,Best ğŸ‘ŒğŸ¾ğŸ‘ï¸,2024-09-15T21:13:15Z
@andrewnunez-hi9on,cr7 is gana beat mr beast,2024-09-15T20:15:22Z
@ElijahHarris-hq2ru,Very goodâ¤,2024-09-15T20:00:46Z
@josefinadeoleonunez9342,Mr Bean te quiero conocer pero ven cuando tÃº sepas hablar espaÃ±olğŸ‰ğŸ˜‚â¤,2024-09-15T19:48:15Z
@smokeythebear42o,Is Mack apart of the crew now ?,2024-09-15T19:42:59Z
@jamarrgarcia8094,Can mack be apart of the crew?ğŸ˜¢ğŸ‘‰ğŸ‘ˆ,2024-09-15T19:41:49Z
@LilithCarrascoHuincache,Jimmy no se hablar ingles puede s hablar en espaÃ±ol porfağŸ˜¢â¤â¤â¤â¤ğŸ‰,2024-09-15T19:39:54Z
@eunyoungkim1274,OMG!!ğŸ˜‚ğŸ˜‚,2024-09-15T18:32:10Z
@SinBinned,Waitomo Caves NZ â¤,2024-09-15T18:28:20Z
@krogue_Cheetos_dog,Itâ€™s a good thing I watched this after another one came out I thought u where going to die jimmyğŸ˜‚ğŸ˜‚ğŸ˜¢,2024-09-15T18:26:00Z
@veronicadossantos4856,Ã‰ muita adrenalina ğŸ˜…,2024-09-15T18:22:09Z
@URcrictenio,Hi Mr beast can you give me 50 thousand dollars for study,2024-09-15T18:02:29Z
@thepopcornmusic.,Make a new video with drawing who make good drawings plzzz,2024-09-15T18:01:59Z
@AfiSevor,"Jimmy tu est rÃ©sistant,moi je ne pourrais pas survivre dans cette grotte",2024-09-15T17:47:04Z
@pbugboy4217,Hello mr beastâ¤,2024-09-15T17:40:12Z
@Oyo-o123,1000 subscribe ğŸ˜­,2024-09-15T17:36:58Z
@Rounakgaming_OP,You are the best Jimmy,2024-09-15T17:20:53Z
@Daryan-q7w,Joel for real said that there are sharp rocks under the water and you cant see them so WA5TCH your step. LOL ğŸ¤£,2024-09-15T17:19:24Z
@Daryan-q7w,Joel for real said that there are sharp rocks under the water and you cant see them so WATCH your step. LOL ğŸ¤£,2024-09-15T17:15:24Z
@casheysturdivant,"dear Mr. beast, I am currently at 12:39 in your newish video and I just got jump scared by spiders. I have arachnophobia thank you! For the wonderful mini heart attack.",2024-09-15T16:59:30Z
@codewithlahri5933,I want to meet you MrBeast,2024-09-15T16:54:39Z
@localboysbongaigaon3908,Love from India( Assam)â¤â¤,2024-09-15T16:47:08Z
@babuldas-dr2su,Love from Assam,2024-09-15T16:46:37Z
@HuseynAgazad-qo2ij,Hi MRBEAST love you,2024-09-15T16:26:21Z
@Katunblog555,Wow MrBeast got Whole new crew,2024-09-15T16:25:07Z
@MM-ef1vn,I started eating my feastables at 10:00,2024-09-15T16:19:11Z
@TODDYZINHO950,Mr beast I challenge you to make a video surviving in the savannah for 7 days,2024-09-15T16:16:21Z
@FrancisVillanueva-f8l,Soy yo pero con otra cuenta quiero aparecer en tus vÃ­deos,2024-09-15T16:10:49Z
@shifupubgm11,"Hi Mr. beiste, I'm your fan, I want to participate in your videos, this is my dream. I'm from Uzbekistan myself. You shoot videos only with Americans. Please do it with foreign ones too.",2024-09-15T16:03:41Z
@YOGESHKUMAR-n4p,"Sir, please come to Bihar once, we are welcoming you",2024-09-15T15:54:41Z
@AngelynaEdithCastilloFlores,Master beast please help Peru I ask you with all my heart that all the animals of Peru are burning please I beg you because all the animals of Latin America are spreading like Brazil and Colombia and Ecuador and Chile and Bolivia and the one that is suffering the most is Peru please help you are the only one who can save the animals please please please,2024-09-15T15:53:34Z
@Katiil-ry7km,Ù…ÙŠØ³ØªØ± Ù„Ø¯ÙŠ ÙÙƒØ±Ø© Ø§Ø°Ù‡Ø¨ ÙˆØ¹ÙŠØ´ Ø³Ø¨Ø¹Ø© Ø§ÙŠØ§Ù… ÙÙŠ Ø§Ù„ÙØ¶Ø§Ø¡ ğŸ˜‚ğŸ˜‚ğŸ˜‚ğŸ˜‚ğŸ˜‚ğŸ˜‚,2024-09-15T15:23:53Z
@KristieBurt,Petting wolvesğŸ˜‚ğŸ˜‚â¤ I think you'll be okay,2024-09-15T15:21:51Z
@LEJEQQ30,Tnx for 2k subs,2024-09-15T14:56:48Z
@osdulyslopez477,"Hello Mr Beast, please go to Thailand and help all those little animals that are sold illegally, most of them have psychological problems and damage that will last if we do not treat them in time, many people who love animals and veterinarians would greatly appreciate it. , do it. for us and those innocent little animals. With Frank's help, he can help you a lot on how to handle things and save those animals <3",2024-09-15T14:48:53Z
@idfc-x4b,å¥½è§†é¢‘ğŸ‰,2024-09-15T14:38:51Z
@Someone_4545,"How did u guys sleep 
I didnâ€™t ğŸ˜‚ğŸ˜‚ğŸ˜‚ 

Btw Jimmy we want ur chocolate bar here in Iraq",2024-09-15T14:37:53Z
@skittleseer1,"Who was eating a Mrbeast Feastable while watching this video.
ğŸ‘‡ğŸ»",2024-09-15T14:33:29Z
@Palligramtvactive,Hi mr.beast. I live in Bangladesh ğŸ‡§ğŸ‡©. Your vedios very  much. I have subscribed all your YouTube channels keep growing your YouTube channel,2024-09-15T14:32:13Z
@UmaKcsinghthakuri,Mr beast please send feastabls,2024-09-15T14:30:54Z
@Ahmad_isRoyal,NARUTOã®å£°ï¼å¥½ãã ã‚ˆã€ã™ã”ãã„ã„,2024-09-15T14:29:52Z
@SunnySlays101,since when did mrbeast post minecraft in his main??,2024-09-15T14:23:20Z
@BrendaMariaRamirezGarcia,ğŸ˜ğŸ˜ğŸ˜ğŸ˜ğŸ¥°ğŸ¤©,2024-09-15T14:11:56Z
@KieranfrenchWills,I have played Mr beast chocolate and it's amazing,2024-09-15T14:10:36Z
@SUNDRAM-r5c,Humko Khali ek kis chahie subscriber 1k,2024-09-15T14:03:59Z
@SUNDRAM-r5c,Video bahut achcha hai subscribe kar do,2024-09-15T14:03:30Z
@Nour-em7mb,This video just showed me the love i have for caves and how bad i want to be in one it just seems so unreal and beautiful,2024-09-15T14:02:11Z
@Xtreamduo-p4m,The base camp is what my mom makes me sleep in,2024-09-15T13:57:40Z
@vansuntv,Æ¯á»›c gÃ¬ kÃªnh tÃ´i Ä‘Æ°á»£c nhiá»u ngÆ°á»i biáº¿t Ä‘áº¿n nhÆ° báº¡n ğŸ‰,2024-09-15T13:21:57Z
@luckyyadavv_,It's so dangerous ğŸ˜®ğŸ˜®ğŸ˜®,2024-09-15T13:16:08Z
@JaydenChuaYeeKiatJurongss,Pls stay safe out there Mr beastğŸ‰â¤,2024-09-15T13:07:31Z
@YouTube.comRamanVidhyarthi,à¤¯à¥‡ à¤¤à¥‹ à¤¬à¤¹à¥à¤¤ à¤®à¥à¤¶à¥à¤•à¤¿à¤² à¤¥à¤¾à¥¤ à¤†à¤ªà¤•à¥‹ à¤‡à¤¤à¤¨à¤¾ à¤®à¥à¤¶à¥à¤•à¤¿à¤² à¤¨à¤¹à¥€à¤‚ à¤•à¤°à¤¨à¤¾ à¤šà¤¾à¤¹à¤¿à¤ à¤¥à¤¾ ğŸ‰â¤ğŸ‰â¤ à¤œà¤¼à¤¿à¤¨à¥à¤¦à¤—à¥€ à¤¬à¤¹à¥à¤¤ à¤œà¤°à¥‚à¤°à¥€ à¤¹à¥‹à¤¤à¥€ à¤¹à¥ˆ ğŸ‰â¤ğŸ‰â¤,2024-09-15T12:36:46Z
@MeiadHaseli,I'm good mrbestâ¤,2024-09-15T12:34:40Z
@eylenrosh6458,This was so scary. Like a bunch of phobias combined.,2024-09-15T12:23:57Z
@NicoleStorey-pd1bv,I love GEOMETRY,2024-09-15T12:20:59Z
@vidahashimi4136,"Hi mr beast how are you doing,  this is Tayeb from Kabul  Afghanistan and I'm your fan I saw your videos and I like these videos and I want to see you face to face and I want you you are invite me to your program though I haven't visa to came USA but if you wantğŸ˜¢ you can do this for me thank you so much your big fan Tayeb from Kabul Afghanistanâ¤â¤â¤",2024-09-15T11:55:22Z
@MEHEDIHasan-q7k,Bangla voice impossibleğŸ˜®,2024-09-15T11:50:18Z
@sanojapadukka9463,Hello Jimmy..aka mrbeast i am a hugeee fan and hv never tried feastavles in my life......ğŸ˜¢ğŸ˜¢ğŸ˜¢,2024-09-15T11:49:54Z
@vanhactran961,Giá»‘ng Æ¡ VN â¤,2024-09-15T11:49:44Z
@Muhdhafa002,Berbahaya bagetğŸ˜…,2024-09-15T11:46:51Z
@YeneworkTadem,I WANT THE BIGGEST FEATIBELS IN THE WORLD. NOW!,2024-09-15T11:33:34Z
@Sycomirza786,YOUR ARE THE BEST YOUTUBER,2024-09-15T11:30:58Z
@FamilyEntertainment-pg6un,ğŸ¥°ğŸ¥°ğŸ¥°ğŸ¥°ğŸ¥°ğŸ¥°ğŸ¥°ğŸ¥°â˜ºâ˜ºğŸ¥°ğŸ˜‡,2024-09-15T11:22:30Z
@RyanTumusiime-g2k,Mr. Beast nice rhyme,2024-09-15T10:57:28Z
@AlyEgan,Survivor 100 days out remote Island,2024-09-15T10:36:35Z
@maryannesulumba3740,Make red velvet and amore feastables flavours,2024-09-15T10:09:47Z
@hydrant_vr,karl should audition to voice act morty ğŸ˜‚,2024-09-15T09:41:06Z
@DESTINOMARC,"It's nothing to ME I can survive three days, feel eat Mr Beast I CAN BEAT THIS CHALLENGE",2024-09-15T08:23:54Z
@GekaZyl,Family video,2024-09-15T08:21:11Z
@NanaNana-r1j,j'adore vous Ãªtes incroyable,2024-09-15T07:58:49Z
@GtasanmanGtasanman,ØªØ­ÙŠØ§ Ù„Ù…Ø³ØªØ± Ø¨ÙŠØ³Øªâ¤â¤â¤,2024-09-15T07:57:02Z
@Prosto_may65,ĞĞ±Ğ¾Ğ¶Ğ°Ñ MrBeast Ğ¾Ğ±Ğ¾Ğ¶Ğ°Ñ Ğ¸ Ğ»ÑĞ±Ğ»Ñ â¤,2024-09-15T07:44:02Z
@YTeditizim,10:44 yesss,2024-09-15T07:44:02Z
@Scorch_Atelier,But uis drone is 1000 times expensive than my hair dryer,2024-09-15T07:40:39Z
@DurgaRdevi,next survival challenge spending 7 days on top of a mountain,2024-09-15T07:32:12Z
@artinaeli1511,Ø¢Ù‚Ø§ÛŒ Ù‡ÛŒÙˆÙ„Ø§ Ø´Ù…Ø§ Ø¨Ø§ÛŒØ¯ Ø¨Ø§ Ù¾ÙˆØ±ÛŒØ§ ÙˆØ¯Ø² Ù‡Ù…Ú©Ø§Ø±ÛŒ Ú©Ù†ÛŒÙ† Ø§Ùˆ Ø§Ø² Ø´Ù…Ø§ Ø¯Ø¨Ù„Ù‡ ÙØ§Ø±Ø³ÛŒ Ù…ÛŒØ²Ø§Ø±Ù‡ Ùˆ Ø®ÛŒÙ„ÛŒ Ø®ÙˆØ¨ Ø¯ÙˆØ¨Ù„Ù‡ Ù…ÛŒÚ©Ù†Ù‡ ğŸ˜Š,2024-09-15T07:22:27Z
@factVideo1s,i love mrbeast,2024-09-15T07:16:50Z
@Zizi-jam,Jimmys cameraman is the most bravest person in the world .,2024-09-15T07:07:45Z
@NeilbenedictLuces,Stay in a house for 24 hours,2024-09-15T07:07:22Z
@deependrakumar9126,Mr beast help me 100000 dollars,2024-09-15T06:33:07Z
@ĞÑ€ÑĞµĞ½Ğ¸Ğ¹-Ñ„5Ñ3Ğ²,ĞœĞ¸ÑÑ‚ĞµÑ€ Ğ±Ğ¸ÑÑ‚ ĞºÑ€ÑƒÑ‚Ğ¾Ğ¹ Ğ²Ğ°Ğ¼ Ñ‚Ğ¸Ğ¶Ñ‹Ğ»Ğ¾ ğŸ¥¹ğŸ¥¹ğŸ¥°ğŸ¥°,2024-09-15T06:28:18Z
@Ğ”ĞµĞ´Ğ˜Ğ½ÑĞ°Ğ¹Ğ´-Ñ‡1Ñ‹,Ğ¢Ñ‹ Ğ¾Ñ‡ĞµĞ½ÑŒ ĞºÑ€ÑƒÑ‚Ğ¾Ğ¹  Ğ¸ Ñ‚Ğ²Ğ°Ğ¸  Ğ´Ñ€ÑƒĞ·ÑŒÑ,2024-09-15T06:22:45Z
@alexsyahrian5238,Aku dari Indonesia,2024-09-15T06:01:57Z
@UsmsnKwt-sy4wn,"Hay Jimmy l love your all videos and l proud of you mr. beast,, are you the Best YouTube are evere l like that ğŸ’œğŸ’œğŸ’œğŸ’œğŸ’œğŸ˜‡ğŸ˜‡ğŸ˜‡ğŸ˜‡",2024-09-15T05:55:50Z
@vak6792,Mr beast ğŸ‰ğŸ‰,2024-09-15T05:47:05Z
@SroushShadab,cr7 is god,2024-09-15T05:43:58Z
@apobangpo_07.,Such an amazing yet absolutely dangerous video concept only Mrbeast can do it hats off man,2024-09-15T05:13:22Z
@judithsalazar1108,Please let me on your next video I want to be in the next video please please please let me in the next video,2024-09-15T04:58:14Z
@KoyumDilan,"Halow saya dari Indonesia, semoga aja saya dapat hadiah buat bahagian kan keluarga saya ğŸ¤²ğŸ¤²",2024-09-15T04:55:06Z
@MdSheikhSaadi-z9i,I am form Bangladesh,2024-09-15T04:29:21Z
@roushankumarsoni9565,Mr beats â¤I love you,2024-09-15T03:58:27Z
@trungle7153,please help the people of vietnam . the evil yagi is too cruel . a huge storm has hit vietnam,2024-09-15T03:38:46Z
@jorgerodriguez7903,the person who was with the camera ğŸ˜,2024-09-15T03:35:26Z
@PizzaBeastKingdom,"If you double tap a commnet, it automatically likes it. This I got to know todayğŸ˜‚ğŸ˜‚",2024-09-15T03:29:22Z
@Fire_pheonix_pogi_,the mr beast lab swarms is even in  philipines?,2024-09-15T03:15:48Z
@TheRaphaPlayer,1:23 The Bag ğŸ˜‚,2024-09-15T03:03:26Z
@EduardoPaZ-k7n,Un buen video para terminar el dia 0:22,2024-09-15T02:55:32Z
@ryanmcevoy1079,I have an option for your next video that is last to leave the haunted house wins $100K,2024-09-15T02:55:05Z
@TaraDey-v6w,Please next episodeâ¤ğŸ‰ğŸ‰,2024-09-15T02:54:47Z
@í•œêµ­ìƒì–´-i6j,ì—„ì²­ ì¬ë¯¸ìˆì–´ìš”,2024-09-15T02:09:36Z
@KiiraGardiner-Beard,"heyy i live in nz(new zealand 
)",2024-09-15T01:29:36Z
@raspberry4538,5:05 SANTA VACA,2024-09-15T01:29:06Z
@GamdanSaleh,ğŸ˜‚ğŸ‰ğŸ˜‚ğŸ˜‚ğŸ˜‚ğŸ˜Š,2024-09-15T01:10:03Z
@vivianacayetano7398,"I love youâ¤â¤
ğŸ‘‹ğŸ‘‹ğŸ‘‹",2024-09-15T00:50:24Z
@RahulYadav-u8p9i,Best of luck @mrBeast,2024-09-15T00:45:02Z
@TomasGoes-qe1wd,"Hello Mrbeast, TomÃ¡s here is my dream and to have a house here in Portugal with my grandmother",2024-09-15T00:04:36Z
@DurotinSolikah,ã‚¤ãƒ³ãƒ‰ãƒã‚·ã‚¢ã‚’è¨ªã‚Œã¦ã¿ã‚‹,2024-09-14T23:42:56Z
@mariselamaciel602,POV: you just started a Minecraft world,2024-09-14T22:31:30Z
@GabrielaMartÃ­nez-v5x,Mr. Beast necesitas ir a Bolivia hay un incendio grandÃ­simo necesitamos apoyo los animales estÃ¡n sufriendo mucho eres el Ãºnico youtuber que nos puedes ayudar te escribo esto para que sepas OjalÃ¡ lo veas sufre mucho los animales por cuidar sus crÃ­as mueren quemados ğŸ¥ºğŸ¥ºğŸ¥ºğŸ¥ºğŸ¥ºğŸ¥ºğŸ˜“ğŸ˜“ğŸ˜¥ğŸ˜¢ğŸ’”ğŸ’”,2024-09-14T22:28:09Z
@its.skyler_roblox,I don't like moshmellos I like your chocolate tho,2024-09-14T22:20:03Z
@AARRROOONNNN_321,"4:57 average British school hallway, especially the English and maths corridor",2024-09-14T22:09:19Z
@CameronObrirn,The camera man is so chill,2024-09-14T21:41:15Z
@EnyerBautista-n8o,"quiero salir en un vÃ­deo por favor ğŸ™ 
Tengo 14 aÃ±os",2024-09-14T21:27:32Z
@JamesSandovalmayta,Mr beast ayuda a Bolivia con agua para el fuego xf te lo podimos,2024-09-14T20:45:58Z
@ayhamomar8803,ÙŠØ§ Ù…Ø³ØªØ± Ø¨ÙŠØ³Øª ÙŠØ§ ØµØ¯ÙŠÙ‚ÙŠ Ø§Ù„Ø¹Ø²ÙŠØ²,2024-09-14T20:16:21Z
@bdshopwithmehedi,I am Bangladeshi and I have watched all your videos and would like to participate in one of your challenges.  If you ask me to participate in any challenge I am ready to take it and I will be very happy,2024-09-14T20:10:59Z
@teonalezhava2110,mr beast pls tape dis in youtube *mr least* do scearyğŸ˜°,2024-09-14T19:44:34Z
@TsukikoYamado,My anxiety while watching this: ğŸ“ˆğŸ“ˆğŸ“ˆğŸ“ˆğŸ“ˆğŸ“ˆğŸ“ˆğŸ“ˆğŸ“ˆ,2024-09-14T19:12:33Z
@mohnedhamam,How did you even find this placesğŸ˜‚,2024-09-14T19:12:21Z
@golamrabby2081,My dream this type adventure â¤,2024-09-14T18:49:05Z
@rahul-jalmaniya22,Your are amazing Mrbeast,2024-09-14T18:46:17Z
@lucieneribeiroborgesribeir8746,Me leva pra ganhar um milhÃ£o por favor,2024-09-14T18:37:09Z
@AdrianaAlayo,Me gusta sus videos ğŸ‰,2024-09-14T18:24:09Z
@bnm-gamer50,Can you do good something else from experiment or adventures,2024-09-14T18:12:30Z
@mirzohidtolibjonov9939,Please come and shoot a video with us too ğŸ˜Š,2024-09-14T18:09:16Z
@LaraAlhourani,I love Mr beast Chanel,2024-09-14T18:08:12Z
@FhshfbDhwhfh2-vd5iu,your,2024-09-14T18:05:25Z
@FL4M34XMMR,they polluted the cave pretty badly,2024-09-14T17:38:49Z
@KingTurner101,Mr. Beast can I please be on your show,2024-09-14T17:32:01Z
@nestormartinez9104,Yo quiero unoğŸ˜¢ğŸ˜¢ vivo en argentina no lo venden aca,2024-09-14T17:28:10Z
@amigos2123,Hallo mrbeast IM from indonesiağŸ˜ŠğŸ˜Š,2024-09-14T17:21:05Z
@Gamerz-Tone,I wanted to come in your challenge ğŸ˜¢ğŸ˜¢ğŸ˜¢ğŸ˜¢,2024-09-14T17:17:26Z
@SkRiaz333,Hello Jimmy I am watching from Bangladesh.,2024-09-14T16:58:01Z
@goddevilrod4649,à¸‡à¸”à¸‡à¸²à¸¡à¸¡à¸²à¸à¸–à¹‰à¸³ğŸ˜®ğŸ˜®ğŸ˜®,2024-09-14T16:48:55Z
@TraiNgoc2k9,Team mr.beast ğŸ˜Š,2024-09-14T16:45:37Z
@RichardOmbessa,Mr BeautÃ© â¤â¤â¤â¤â¤â¤â¤â¤â¤â¤â¤â¤â¤,2024-09-14T16:32:28Z
@Ameer.213,Ù…Ø³ØªØ± Ø¨ÙŠØ³Øª ğŸ‰ğŸ‰,2024-09-14T16:25:07Z
@MayteRodriguez-n4i,"ğ‘´ğ’” ğ‘©ğ’†ğ’‚ğ’”ğ’• Bolivia needs you to help us with the forest fires and do not ignore our requests anymore, please help us",2024-09-14T15:54:18Z
@gabylimachi9945,Mr beast por favor ven a bolivia ayÃºdanos muchos animalitos estÃ¡n muriendo,2024-09-14T15:49:36Z
@TMTeamerXD-t2n,"Mr Beast,-is really *BEAST*",2024-09-14T15:47:23Z
@esmarlinbasora4850,Yo quiero  participar en  tu retos,2024-09-14T15:28:14Z
@Jereylospeluches,Messi ya viene ğŸ‡¦ğŸ‡·ğŸ¤ğŸ‡ºğŸ‡²,2024-09-14T15:18:47Z
@WilliamNevins,"Bro that flare was blinding, i cant imagine what you saw",2024-09-14T15:06:12Z
@mayerlybarrera5181,Hola mrbeast te querÃ­a hescribir es to para pedirte un xbox seriex,2024-09-14T14:57:08Z
@Mobid999,I like mistr beast my favourite youtuber,2024-09-14T14:46:35Z
@christenalewis4061,The go to football is coming,2024-09-14T14:46:16Z
@citizenofworld260,Follow me please â¤,2024-09-14T14:45:48Z
@AhmedShah-e6u,ğ‘ğ¨ğ§ğšğ¥ğğ¨ ğ¢ğ¬ ğœğ¨ğ¦ğ¢ğ§ğ ğŸ˜‚,2024-09-14T14:45:35Z
@Neil59-hd4zl,The highlight is on the 1:53 !!!!,2024-09-14T14:43:50Z
@arifsetyawan7547,UR Cristiano..mengejar subscribemu.ğŸ˜ğŸ¤,2024-09-14T14:40:14Z
@BRINETA_HEREEE,ğ—•ğ—¿ğ—¼ ğ˜†ğ—¼ğ˜‚ ğ—® ğ˜„ğ—¶ğ—» ğŸ‰ğŸ‰,2024-09-14T14:36:27Z
@HelenMillward-s3m,Hiiii Jimmy i saw those monster labs that you do but my mother did not let me have one ğŸ˜­,2024-09-14T14:34:07Z
@KaizerNuestro-p9g,The blue chamber is beautiful,2024-09-14T14:27:29Z
@sheliabenavidez3750,Mister beest giv mee a lambergeeny,2024-09-14T14:17:13Z
@stefaniodaconceicao-jo3pl,6 day,2024-09-14T14:11:43Z
@JoshuaGondere-j9t,We love you,2024-09-14T14:05:38Z
@skisrafil1698,â¤â¤,2024-09-14T14:04:59Z
@NgYeeHernRaysonYtps,Mr beast is risking his life to make us content,2024-09-14T13:56:27Z
@SaifAyan-p5z,From Bangladesh,2024-09-14T13:54:15Z
@Angelina2O1311,Fistobls â¤ï¸ğŸ«,2024-09-14T13:44:54Z
@minamins,"Hi ğŸ‘‹  Mr.Beast nice to meet you! I'm Korean!

í•œêµ­ì–´ë¡œ ë³€ì—­",2024-09-14T13:40:08Z
@AbudAbud-p6q,Cool video,2024-09-14T13:26:13Z
@Miminy-sd5ei,Ilove mr Beastâ¤,2024-09-14T13:25:30Z
@hihu-f2h,Minecraft ğŸ˜…,2024-09-14T13:23:03Z
@subhsatyamgaming6992,Nice place mr.best,2024-09-14T13:10:14Z
@subhsatyamgaming6992,Hii mr.best,2024-09-14T13:09:42Z
@Meoowcomey,i love you mrbeastâ¤,2024-09-14T13:07:56Z
@msalboraktransportagency,mr beast the best,2024-09-14T12:56:28Z
@TiranakoJasako,"Hallo, mrbeast, ich bin Aywarin",2024-09-14T12:53:47Z
@Abby-rn2fl,I wanna join Mr beast and I donâ€™t care about money Iâ€™ve loved u my whole lide,2024-09-14T12:53:07Z
@user-tg1zt8xn7y,Goodâ¤â¤â¤ğŸ˜ŠğŸ˜ŠğŸ˜Š,2024-09-14T12:52:33Z
@aishathhabeeba,Nothing of mr beast is In maldives,2024-09-14T12:30:45Z
@JadeValmar,Bro literally joined the boys vs. girls challenge while in a dangerous cave,2024-09-14T12:29:10Z
@24kdiablo1,Supervivencia en la motaÃ±a,2024-09-14T12:25:19Z
@BhimGurung-ly7rh,Brave mr mbeast . Love you from nepal â¤ğŸ‰ğŸ‰,2024-09-14T12:24:03Z
@BennyPar-x1n,Just use torch instead of flares,2024-09-14T12:09:18Z
@BennyPar-x1n,Jimmy pls calm down carl hes so crazyğŸ˜‚ğŸ˜‚ğŸ˜…,2024-09-14T12:08:33Z
@BennyPar-x1n,Maybe there next is stranded inside a submarineğŸ˜‚,2024-09-14T12:07:37Z
@Jodori-t6u,MrBeast lab swarm in Russia too?,2024-09-14T12:00:31Z
@Azzaya-l8s,Good,2024-09-14T11:51:52Z
@samuelrana9358,bro sound like hes playing minecraft,2024-09-14T11:50:28Z
@xtuuli6145,The forest irl,2024-09-14T11:26:48Z
@ĞĞ´ĞµĞ»Ğ¸Ñ-Ñ…6Ğ·,Ğ¯ Ğ¾Ğ´Ğ½Ğ° Ñ€ÑƒÑÑĞºĞ°Ñ ÑĞ¼Ğ¾Ñ‚Ñ€Ñ ĞµĞ³Ğ¾?,2024-09-14T11:05:11Z
@FarhanAnjunmSami,karl mach and jimmy they just feel alive,2024-09-14T11:02:59Z
@Hello-tx8iw,"I think the reason why chandler wasnâ€™t in this video was because of the latest video. Because he was there, and could not participate or chose not to. As so he can keep on eye on the campers while mr beast was doing something else.",2024-09-14T10:58:46Z
@saidjurayev-m5s,"Hello mister beast, come to Uzbekistan, I invite you, there are many historical  buildings here. You won't regret cutting it. My name is Said ğŸ‘ğŸ‘ğŸ‘",2024-09-14T10:54:01Z
@ibrahimdoucoure7556,MrbeastğŸ”¥,2024-09-14T10:48:31Z
@engineermuhammadali-muslim3459,Wow wow wow ğŸ˜®,2024-09-14T10:46:32Z
@RAZAUL10-d5l,Bangladesh ğŸ‡§ğŸ‡©â¤,2024-09-14T10:28:58Z
@Nobbe_girl,Mr beast pls give me some thing good ğŸ¥º,2024-09-14T10:21:23Z
@RaviYadav-c5m9v,sir pls built home for me and my family,2024-09-14T10:12:46Z
@BhaskarMalakar-s8m,This man is really a hardworking and awesome person,2024-09-14T10:00:06Z
@Roki-f2c,ğŸ˜‚ğŸ˜‚ğŸ˜‚,2024-09-14T09:39:06Z
@xenoz7465,Qu'est-ce que je peux dire Mr Bean courage Ã  toi force Ã  toi tu verras les chosesğŸ˜Š mieux Ã  l'avenir,2024-09-14T09:33:25Z
@mdjamsheruddin6951,I am ready jmmy,2024-09-14T09:17:17Z
@Prashantkumar-gx7qv,Bo challenge h 48 ghante phone chlana h bilkul rukhna nhi ye Mera challenge h nhi kar pai to mujhe 4 Lakh dollars Dene honge kroge Mera challenge accepte,2024-09-14T09:05:46Z
@Prashantkumar-gx7qv,Hello Mr beast Mera naam Prashant h Mai aapka subscriber hun or Mera ek challenge h bo koi nhi kar sakta Agar bo tumne karke dikha diya tumhare channal par har log subscribe kar baunga,2024-09-14T09:02:52Z
@Master-x-y2v,â¤â¤,2024-09-14T09:01:01Z
@glebys6088,EGORIK,2024-09-14T08:54:14Z
@minhajbro2023,mrbeast I watch all your videos from Bangladesh I really want to meet you in-sh-allah â¤ğŸ‡§ğŸ‡©,2024-09-14T08:52:22Z
@Insightml,Soon My Channel will grow like this ğŸ˜­,2024-09-14T08:50:19Z
@èŠç”°ã²ã¾ã‚ã‚Š,4:37 ãƒ˜ãƒƒãƒ‰ãƒ›ãƒ³ã‚’ã¤ã‘ã¦èã„ã¦ãã ã•ã„,2024-09-14T08:50:12Z
@dinduniaaaa,Nise,2024-09-14T08:44:13Z
@Olivia-yw8zc,"IM RILEY im 5
and i like your chocolate.",2024-09-14T08:43:31Z
@IconicOfficeSpaceBangalore,06:36,2024-09-14T08:40:05Z
@MDEntazulHaque,Hi beast i am in Bangladesh â¤,2024-09-14T08:39:52Z
@HOMEKITCHENLiwliwa,Mr beast can you send some festivals into the philippines because i live in philippines and i want to try one of your chocolates,2024-09-14T08:37:39Z
@muftiSaah_117,"Hello, I would like to have a house. ğŸ˜¢",2024-09-14T08:21:33Z
@FarhadAli-ee7wr,Come to Bangladesh â¤,2024-09-14T08:21:19Z
@eaa058,Please SUBSCRIBE and Support,2024-09-14T08:04:41Z
@atahanceylan1027,I eating feastables.ğŸ˜…,2024-09-14T08:00:26Z
@FungiBingo,Am a new subscriber from south Africa i need an iphone 15 mr beast we love u i have watched all of yr vids,2024-09-14T07:48:25Z
@AbhinavB-nz3lv,"Mr Beast, could you able to survive in guna cave in India. That cave is also known as Devil's kitchen",2024-09-14T07:45:50Z
@ganeshmishra4972,Quite challenging..  Must have been difficult..,2024-09-14T07:18:28Z
@gregjohnson5057,Don't die in there kids can go very steep please please don't die you are my best YouTuber,2024-09-14T07:06:00Z
@maltidevi7812,Mr beast is the best youtuber in the world no one can beat Mr beast,2024-09-14T06:55:19Z
@GggaingLol,"Hello Mr. Beast, I'm from Indonesia. I want to have an iPhone. My cellphone is broken, unfortunately. I want it for school needsğŸ™ğŸ™ğŸ¥¹",2024-09-14T06:47:26Z
@MonidroRoy-g7l,à¦†à¦ªà¦¨à¦¿ à¦œà§€à¦¬à¦¨à§‡ à¦…à¦¨à§‡à¦• à¦°à¦¿à¦¸à§à¦• à¦¨à¦¿à¦¯à¦¼à§‡à¦›à§‡à¦¨ à¦†à¦ªà¦¨à¦¾à¦° à¦à¦‡ à¦¦à§‡à¦–à¦¾à¦° à¦œà¦¨à§à¦¯ à¦†à¦ªà¦¨à¦¾à¦° à¦†à¦®à¦¿ à¦¯à§‡à¦®à¦¨ à¦†à¦ªà¦¨à¦¾à¦° à¦«à§à¦°à§‡à¦¨à§à¦¡ à¦¹à¦‡à¦¤à§‡à¦›à¦¿ à¦¯à¦¤à¦¦à¦¿à¦¨ à¦¬à¦¾à¦¸à§‡ à¦¥à¦¾à¦•à¦¬ à¦†à¦ªà¦¨à¦¾à¦° à¦«à§à¦°à§‡à¦¨à§à¦¡ à¦¹à¦¯à¦¼à§‡ à¦¥à¦¾à¦•à¦¬à§‹ à¦†à¦ªà¦¨à¦¾à¦° à¦†à¦ªà¦¨à¦¾à¦° à¦«à§à¦°à§‡à¦¨à§à¦¡ à¦¯à¦¾à¦°à¦¾ à¦¯à¦¾à¦°à¦¾ à¦¹à¦šà§à¦›à§‡ à¦¤à¦¾à¦¦à§‡à¦°à¦•à§‡ à¦…à¦¨à§‡à¦• à¦§à¦¨à§à¦¯à¦¬à¦¾à¦¦ à¦†à¦ªà¦¨à¦¾à¦° à¦«à§à¦°à§‡à¦¨à§à¦¡ à¦¯à¦¾à¦°à¦¾ à¦¹à¦¬à§‡ à¦¤à¦¾à¦°à¦¾ à¦…à¦¨à§‡à¦• à¦…à¦¨à§‡à¦• à¦­à¦¾à¦—à§à¦¯à¦¬à¦¾à¦¨ à¦†à¦ªà¦¨à¦¿ à¦ªà§ƒà¦¥à¦¿à¦¬à§€à¦° à¦à¦•à¦Ÿà¦¾ à¦¸à¦¿à¦¸à§à¦Ÿà§‡à¦® à¦†à¦ªà¦¨à¦¾à¦° à¦šà¦°à¦£ à¦…à¦¨à§‡à¦• à¦²à§‹à¦•à§‡à¦° à¦˜à¦°à§‡ à¦†à¦ªà¦¨à¦¾à¦° à¦²à§‹à¦•à§‡à¦° à¦†à¦ªà¦¨à¦¿ à¦…à¦¨à§‡à¦• à¦²à§‹à¦•à§‡à¦° à¦‰à¦ªà¦•à¦¾à¦° à¦•à¦°à¦›à§‡à¦¨ à¦•à§‹à¦Ÿà¦¿ à¦•à§‹à¦Ÿà¦¿ à¦²à§‹à¦•à§‡à¦° à¦‰à¦ªà¦•à¦¾à¦° à¦•à¦°à¦›à§‡à¦¨ à¦†à¦ªà¦¨à¦¾à¦•à§‡ à¦…à¦¨à§‡à¦• à¦²à§‹à¦• à¦­à¦¾à¦²à§‹à¦¬à¦¾à¦¸à§‡ à¦†à¦®à¦¿ à¦ªà§à¦°à¦¬à¦¾à¦¸à§€,2024-09-14T06:21:56Z
@LindonAgman,go to the philipines next,2024-09-14T06:14:18Z
@AwishHencem,This is crazy you might've drown and died,2024-09-14T06:04:47Z
@SoumojitMondal-vt9uh,"Sir  Hindi kasa Bolta ha â¤

I am Indian boy _â¤ so big fan

Sir, how does one speak Hindi? We are watching this video from India.  â¤",2024-09-14T06:04:11Z
@SheikhMimAhmmed,Love this ğŸ‡§ğŸ‡©,2024-09-14T05:57:27Z
@SheikhMimAhmmed,Awesome Jimmy ğŸ‡§ğŸ‡©,2024-09-14T05:57:07Z
@ghhhhhhhhhhhhh_kj,it was so cool video bro,2024-09-14T05:53:59Z
@cipawaw,i suscribeğŸ˜‰,2024-09-14T05:53:27Z
@ghhhhhhhhhhhhh_kj,bro I am your big fan from Pakistan ğŸ˜ŠğŸ˜ŠğŸ˜ŠğŸ˜Š,2024-09-14T05:53:13Z
@ĞĞ»Ğ¸-Ñ‚8Ñ,Beast go to Kyrgyzstan,2024-09-14T05:29:39Z
@alaminkhan995,love From Bangladesh bro,2024-09-14T05:29:07Z
@nguyenthuc589,HÃ£y Ä‘áº¿n Viá»‡t Nam Ä‘i báº¡n,2024-09-14T05:12:50Z
@Yuone-cute,Average cave in minecraft,2024-09-14T04:45:22Z
@YoutubeGuruji-b8r,Ur.Cristiano no.1 youtuber Like button â¤â¤,2024-09-14T04:42:00Z
@bobbyrumahlaiselan4068,"hii mr beast,. my nama is caleb and i live in indonesian,. Im so Happy wacthing this videos,.I Hope oneday,. i can meet you,.",2024-09-14T04:24:25Z
@PasupuletiRaviChandra,Being stuck in a cave is my worst fear!!!!,2024-09-14T04:21:42Z
@alphaljamal4522,Go on a journey to find something awesome deep underwater,2024-09-14T04:09:32Z
@AbigailCando-dk4wf,HI ğŸ˜Š,2024-09-14T04:01:57Z
@FILOSOFIBELAJAR,Very nice view .... â¤,2024-09-14T02:51:57Z
@jwgameplay693,I got your chocolate a pack of it's fine. I don't know chocolate ğŸ«,2024-09-14T02:42:20Z
@YuliethRivera-w3t,Man cool or mrBeast cool or o hombre cool o mrBeast cool,2024-09-14T02:37:28Z
@jwgameplay693,I got your chocolate,2024-09-14T02:36:11Z
@Mariakelty-ws8br,Iâ€™m just became a fan of MrBeast,2024-09-14T02:19:48Z
@Mariakelty-ws8br,I have never had a festival,2024-09-14T02:19:32Z
@sindisintyawati1833,Cr7 suiiiii,2024-09-14T01:38:32Z
@MasterBricks-xk3gt,1 like 1 pushup,2024-09-14T01:32:34Z
@syrihathompson15,Iâ€™m claustrophobic and still watched this somehow,2024-09-14T01:24:52Z
@ROBINGOODM,Saya merasa kan senang saat menonton video kalian.sukses selalu MRBEAST.,2024-09-14T01:17:42Z
@ROBINGOODM,Halo MRBEAST SAYA DARI INDONESIA,2024-09-14T01:16:37Z
@Ù†ÛŒÙ†Ø¬Ø§-Ø´8Ø¯,"Dear Mr. Heyolai, please cooperate with Poriya Gharb for Farsi dubbing of your videos. We Farsi-speakers love your videos and we like to watch Puriya West with voice and dubbing. He has the best Farsi dubbing and the voice actor he has chosen for you is perfect. Please cooperate with Puria Gharb for Farsi dubbing of your videos, thank you",2024-09-14T01:09:44Z
@happygoldenmusic1372,MrBeast vs Cristiano Ranaldo ğŸ˜®,2024-09-14T01:07:52Z
@MiashiMargon-zy2wm,ĞœĞ¸ÑÑ‚Ğ¾Ñ€ Ğ±Ğ¸ÑÑ‚ Ğ¿Ñ€Ğ¸Ğ²ĞµÑ‚ ĞµÑÑ‡Ñ‘ Ñ€Ğ°Ğ· Ğ¾Ğ±Ñ€Ğ°Ñ‰Ğ°ÑÑÑŒ Ğº Ñ‚ĞµĞ±Ğµ Ğ¸Ğ»Ğ¸ Ğº Ñ‚Ğ²Ğ¾Ğ¸Ğ¼ Ğ¼ĞµĞ½ĞµĞ´Ğ¶ĞµÑ€Ğ°Ğ¼ Ğ¸Ğ»Ğ¸ Ğ¿ĞµÑ€ĞµĞ²Ğ¾Ñ‡Ğ¸ĞºĞ°Ğ¼ Ñ Ğ¸Ğ· Ğ‘ĞµĞ»Ğ°Ñ€ÑƒÑÑĞ¸ Ñ…Ğ¾Ñ‡Ñƒ Ğ¿Ğ¾ÑƒÑ‡Ğ°ÑÑ‚Ğ²Ğ¾Ğ²Ğ°Ñ‚ÑŒ Ğ² Ñ‚Ğ²Ğ¾Ñ‘Ğ¼ Ğ²Ğ¸Ğ´ĞµĞ¾ ĞµÑĞ»Ğ¸ Ñ‚Ñ‹ ÑƒĞ²Ğ¸Ğ´Ğ¸ÑˆÑŒ Ğ¸Ğ»Ğ¸ Ñ‚ĞµĞ±Ğµ Ğ¿Ğ¾ĞºĞ°Ğ¶ÑƒÑ‚ ĞºĞ¾Ğ¼Ğ¼ĞµĞ½Ñ‚Ğ°Ñ€Ğ¸Ğ¹ Ğ¾Ğ±Ñ€Ğ°Ñ‚Ğ¸ Ğ¿Ğ¾Ğ¶Ğ°Ğ»ÑƒĞ¹ÑÑ‚Ğ° Ğ²Ğ½Ğ¸Ğ¼Ğ°Ğ½Ğ¸Ğµ,2024-09-14T00:57:42Z
@gomesgomes5373,Mr beast vc Ã© muito doido ğŸ˜®ğŸ˜®ğŸ˜®,2024-09-14T00:48:41Z
@Ismoprox1,Incroyable â¤ MrBeast,2024-09-14T00:44:46Z
@liviayates4753,this ainâ€™t a yt video this a movie ğŸ‰,2024-09-14T00:39:26Z
@phelipegabryelsantos,Hello  jimmy,2024-09-14T00:25:53Z
@carmenriveropinero3125,JIMI AS UN RETO DE 7 DIAS EN EL ESPACIO,2024-09-14T00:17:32Z
@Booklover920,the anxiety this video gave me lol,2024-09-14T00:11:28Z
@rodrigoarias6730,"Mr beast HELP BOLIVIA WITH WATER PLEASE, MANY ANIMALS ARE DYING AND THE PLATES ARE BURNING, THE FIRE IS UNCONTROLABLE",2024-09-14T00:03:47Z
@RoqayaZainy,Messi ğŸ«€âœ¨ğŸ˜Š,2024-09-14T00:02:22Z
@seansoloff7499,15:20 that is one of the most beautiful things Iâ€™ve ever seen in my life,2024-09-13T23:46:09Z
@mildabachan3507,Saben porque no puedo comprar chocolates de mrbeast porque vivo en guatemala ğŸ˜¢,2024-09-13T23:27:23Z
@subashlama8829,Love from nepalâ¤â¤,2024-09-13T23:27:20Z
@abrahamPayares-r3v,CuÃ¡nto oro debiÃ³ pasar sin verlo ğŸ¥²ğŸ‘,2024-09-13T23:14:32Z
@ss_nagato,Cara esse vÃ­deo foi loucura deus mim livre,2024-09-13T22:55:11Z
@Dan_lad.2,SerÃ­a muy emocionante estar en uno de sus videos â¤ï¸,2024-09-13T22:27:09Z
@Raptor_fanoficcial,"Mr beast, can this be a 100- day video in an abandoned house or mansiÃ³n?",2024-09-13T22:24:41Z
@Topyouw,Gracias por tus vÃ­deos @MrBeast,2024-09-13T22:23:58Z
@Cheetaqame,Bro,2024-09-13T22:13:54Z
@LeonardosergioMirandahua-tu4dp,Por favor Miterbis ven a Bolivia a apagar los insendiosğŸ˜¢ğŸ˜¢ğŸ˜¢ğŸ˜¢â¤â¤â¤â¤â¤ğŸ™ğŸ™ğŸ™ğŸ™ğŸ¥ºğŸ¥ºğŸ¥ºğŸ”¥,2024-09-13T21:24:09Z
@JacobB-b4h,I dare you to spend the night in a Abandon house for 7 days,2024-09-13T21:16:35Z
@meargtesfay2693,The king ğŸ¤´ is coming cr7 siuuuuu,2024-09-13T20:29:53Z
@Rusttriojj,Mr. Beast your chocolate is sold in Germany,2024-09-13T20:12:44Z
@cia.detransportetranslagoi8272,JIMMY se tomo la frase tu puedes ser lo que quieras ser ya es mas que youtuber,2024-09-13T20:01:45Z
@jamesmccall7323,3:30 omg Mac is backğŸ‰,2024-09-13T20:00:55Z
@rbromoni4821,Bangladesh watching,2024-09-13T19:52:59Z
@rkeet2646,Surviving in kalahary desert 20 days,2024-09-13T19:49:12Z
@VikasKumar-j3x8b,Brother I am from India I like your every video brother I have a request can you gift me a Chevy please brother please get it for me somehow you have a lot of money you can send it to me,2024-09-13T19:03:43Z
@riyadulislamriyad4342,big fan bro â¤â¤,2024-09-13T19:02:02Z
@DylanBallesgo,Esto me recuerda a the forest ğŸ˜®,2024-09-13T18:21:03Z
@ZenoviaLoredo-jo1ht,Yo quiero 100.000.000 de dolares,2024-09-13T18:08:07Z
@me_lin92,"terus semangat kawan, jangan lupa untuk terus bersyukur
jangan lupa mengerjakan sholat, shalawat, sedekah, mengaji, dan selalu beristighfar
semoga kita selalu dalam lindungan ALLAH SWT dan terhindar dari fitnah dunia akhirat",2024-09-13T18:05:45Z
@yoshuaelcrack1594,"@MrBeast please let me participate in a challenge, I am from Guatemala.",2024-09-13T18:03:53Z
@YayYan-u2y,saya penonto setia dari indonesiağŸ˜Š,2024-09-13T17:40:43Z
@yomfitness4671,SuperğŸ˜‚ğŸ˜‚,2024-09-13T17:38:37Z
@YadhLian,POR QUE NADIE HABLA SOBRE LOS CAMAROGRAFOS tipo ellos tuvieron que pasar todo eso y con el equipo de camaras y luz,2024-09-13T17:29:03Z
@starmangamingGG,Hello mr beast i am a boy from Pakistan and i want you to give me a challenge so that i can manage to collect money for my father's shop which burnout few days ago and it was the shop which my father made for his 30 years. And i want to make him happy and let him know i am not worthless. I hope you would understand how proud i would feel i could do anything to help my father.,2024-09-13T17:11:24Z
@ghugussantri1606,"IM from Indonesia, if you invite me to do challenge your content, IM ready",2024-09-13T17:10:45Z
@Ğ“Ğ¾Ğ»Ğ´ĞµĞ½Ñ„Ğ¾ĞºÑĞ¸-ÑŒ7Ñ,"Jimmy you're the best YouTuber and man what I ever see ğŸ˜„ 
(P.S. Sorry for my English ğŸ˜…)
Ğ”Ğ¶Ğ¸Ğ¼Ğ¼Ğ¸, Ğ½Ğµ ÑƒĞ½Ñ‹Ğ²Ğ°Ğ¹ Ñ‡Ñ‚Ğ¾Ğ±Ñ‹ Ğ½Ğµ ÑĞ»ÑƒÑ‡Ğ¸Ğ»Ğ¾ÑÑŒ, Ğ¿Ğ¾Ğ¼Ğ½Ğ¸ Ñ‡Ñ‚Ğ¾ Ñ‚Ñ‹ Ğ»ÑƒÑ‡ÑˆĞµ Ğ²ÑĞµÑ… ^^
Ğ’ÑĞµĞ³Ğ¾ Ñ‚ĞµĞ±Ğµ Ñ…Ğ¾Ñ€Ğ¾ÑˆĞµĞ³Ğ¾ Ğ¸ Ğ»ÑƒÑ‡ÑˆĞµĞ³Ğ¾ Ñ‡ÑƒĞ²Ğ°Ğº)",2024-09-13T16:42:51Z
@yddfoyKxdkydk,à¸Šà¸­à¸šà¸­à¸°à¹„à¸£à¹à¸šà¸šà¸™à¸µà¹‰à¸¡à¸²à¸à¹†à¸„à¹ˆà¸°,2024-09-13T16:31:52Z
@kaliooo4303,Ronaldo is coming now ğŸ˜…,2024-09-13T16:08:22Z
@aahannegi2852,ğŸ˜…ğŸ˜…ğŸ˜…Ronaldo is comingğŸ˜…ğŸ˜…ğŸ˜…,2024-09-13T15:55:57Z
@rpsinghamloh1105,ğŸ™ğŸ¼,2024-09-13T15:52:16Z
@arpanmondal7294,Nobody can beat mr beast,2024-09-13T15:51:17Z
@OfficialSajid_786,GoodğŸ‘â¤,2024-09-13T15:47:39Z
@sanjiblamatamangx,MR BEST I'M YOUR BIGGEST FAN ğŸ˜â¤ï¸,2024-09-13T15:40:25Z
@Maria_pr3mc,"Survice in a hunted house for 10 days , no outdoor.The  First one,  who get out of the hunted house is eliminated.",2024-09-13T15:39:27Z
@jeicobriveros2351,"Si llego a los 100k de seguidores, prometo hacer videos y volverme youtuber, de ustedes depende, estÃ¡ en sus manos, y digan de que les gustarÃ­a que sean vÃ­deos. Para ustedes no hay nada imposible",2024-09-13T15:34:27Z
@Brayden-c8f,I wouldn't be surprised if these guys tried to go to Chernobyl.because these challenges are just getting crazier,2024-09-13T15:29:37Z
@AzozOmer-e4d,Bro I love your videos,2024-09-13T15:24:35Z
@Ä±ceÃ¼Åºin,16:30 â¤â¤â¤,2024-09-13T15:21:04Z
@Alan08-e6o,Aguante mrbeast y Messi saludos desde Argentina,2024-09-13T15:03:14Z
@SUMIT-4_4_4,ğŸ˜‚ğŸ˜‚ğŸ˜‚,2024-09-13T14:52:01Z
@Ahhsns,7 day in hot air bloon,2024-09-13T14:41:02Z
@ivarisngondjou9322,I'm sure you can change my life MR Beast.,2024-09-13T14:31:06Z
@thoango3889,mr beast is 400 000 000 Ä‘Äƒng kÃ­,2024-09-13T14:28:07Z
@DrawingArts6988,Hey mrBeast buy a longest snake and you will maintain for 7 days put a vlog am you Tamil subscriberğŸ˜…,2024-09-13T14:27:57Z
@thoango3889,messi win,2024-09-13T14:26:53Z
@PasinduGihan-yf6hg,Hello mr Best ğŸ˜®ğŸ˜®ğŸ˜¢ğŸ‰,2024-09-13T14:25:58Z
@Fjay.,Thank you guys for 500subsğŸ‰ğŸ‰,2024-09-13T13:43:55Z
@Bustofspike,Hi,2024-09-13T13:36:43Z
@Arshya-sj1mk,"Insane broo insane,,,salute to you,,!!ğŸ¥°",2024-09-13T13:30:13Z
@MonaAilMonaAil-ot7rh,Ø§Ù†Ø§ Ø§Ø­Ø¨Ùƒâ¤â¤â¤â¤ğŸ‰,2024-09-13T13:20:23Z
@Fam-p7f,Thats explain why chandler is not there. Cuz you were filming an other videoğŸ˜‚,2024-09-13T13:10:17Z
